
INSERT INTO `app_finanzas_egreso` (`id`, `tipo`, `fecha`, `monto`, `descripcion`, `categoria`, `pedido_id`) VALUES
(1, 'pedido', '2024-11-05 11:13:15.850606', 1836286.52, '', 'Pedido', 2);

-- Script generado automáticamente para corregir los INSERT de app_finanzas_ingreso
-- Asegura que cada ingreso tenga fecha y monto igual a la venta correspondiente, y elimina/omite ingresos huérfanos
INSERT INTO `app_finanzas_ingreso` (`id`, `fecha`, `monto`, `descripcion`, `venta_id`, `tipo`) VALUES
(1, '2024-11-07 10:15:20.444214', 9000.00, 'Ingreso por Venta ID 1', 1, 'venta'),
(2, '2024-11-14 11:24:48.669737', 9000.00, 'Ingreso por Venta ID 2', 2, 'venta'),
(3, '2024-11-21 14:35:37.465000', 12000.00, 'Ingreso por Venta ID 3', 3, 'venta'),
(4, '2024-11-28 16:47:01.176030', 12000.00, 'Ingreso por Venta ID 4', 4, 'venta'),
(5, '2024-12-05 09:16:08.091558', 60000.00, 'Ingreso por Venta ID 5', 5, 'venta'),
(6, '2024-12-12 10:27:37.746320', 30000.00, 'Ingreso por Venta ID 6', 6, 'venta'),
(7, '2024-12-19 15:38:59.773049', 90000.00, 'Ingreso por Venta ID 7', 7, 'venta'),
(8, '2024-12-26 17:44:52.582925', 16000.00, 'Ingreso por Venta ID 8', 8, 'venta'),
(9, '2025-01-02 11:25:38.567368', 12000.00, 'Ingreso por Venta ID 9', 9, 'venta'),
(10, '2025-01-09 13:34:20.184036', 10000.00, 'Ingreso por Venta ID 10', 10, 'venta'),
(11, '2025-01-16 14:35:12.207012', 33000.00, 'Ingreso por Venta ID 11', 11, 'venta'),
(12, '2025-01-23 16:36:21.867403', 45000.00, 'Ingreso por Venta ID 12', 12, 'venta'),
(13, '2025-02-06 10:37:21.020570', 8000.00, 'Ingreso por Venta ID 13', 13, 'venta'),
(14, '2025-02-13 11:37:42.218151', 10000.00, 'Ingreso por Venta ID 14', 14, 'venta'),
(15, '2025-02-20 14:40:09.938573', 60000.00, 'Ingreso por Venta ID 15', 15, 'venta'),
(16, '2025-02-27 15:41:34.111486', 30000.00, 'Ingreso por Venta ID 16', 16, 'venta'),
(17, '2025-03-06 09:42:37.382716', 75000.00, 'Ingreso por Venta ID 17', 17, 'venta'),
(18, '2025-03-13 10:43:52.153947', 6000.00, 'Ingreso por Venta ID 18', 18, 'venta'),
(19, '2025-03-20 14:44:03.234011', 9000.00, 'Ingreso por Venta ID 19', 19, 'venta'),
(20, '2025-03-27 16:44:21.081482', 24000.00, 'Ingreso por Venta ID 20', 20, 'venta'),
(21, '2025-04-03 10:44:50.798263', 27000.00, 'Ingreso por Venta ID 21', 21, 'venta'),
(22, '2025-04-10 11:45:10.880687', 15000.00, 'Ingreso por Venta ID 22', 22, 'venta'),
(23, '2025-04-17 14:45:27.299545', 45000.00, 'Ingreso por Venta ID 23', 23, 'venta'),
(24, '2025-04-24 16:45:54.462231', 45000.00, 'Ingreso por Venta ID 24', 24, 'venta'),
(25, '2024-05-03 11:10:00', 15000.00, 'Ingreso por Venta ID 25', 25, 'venta'),
(26, '2024-06-10 13:20:00', 21000.00, 'Ingreso por Venta ID 26', 26, 'venta'),
(27, '2024-07-15 15:30:00', 12000.00, 'Ingreso por Venta ID 27', 27, 'venta'),
(28, '2024-08-05 10:00:00', 18000.00, 'Ingreso por Venta ID 28', 28, 'venta'),
(29, '2024-09-12 16:00:00', 24000.00, 'Ingreso por Venta ID 29', 29, 'venta'),
(30, '2024-10-20 14:45:00', 27000.00, 'Ingreso por Venta ID 30', 30, 'venta'),
(31, '2024-11-01 10:00:00', 9000.00, 'Ingreso por Venta ID 31', 31, 'venta'),
(32, '2024-11-02 11:00:00', 12000.00, 'Ingreso por Venta ID 32', 32, 'venta'),
(33, '2024-11-03 12:00:00', 15000.00, 'Ingreso por Venta ID 33', 33, 'venta'),
(34, '2024-11-04 13:00:00', 18000.00, 'Ingreso por Venta ID 34', 34, 'venta'),
(35, '2024-11-05 14:00:00', 21000.00, 'Ingreso por Venta ID 35', 35, 'venta'),
(36, '2024-11-06 15:00:00', 9000.00, 'Ingreso por Venta ID 36', 36, 'venta'),
(37, '2024-11-07 16:00:00', 12000.00, 'Ingreso por Venta ID 37', 37, 'venta'),
(38, '2024-11-08 17:00:00', 15000.00, 'Ingreso por Venta ID 38', 38, 'venta'),
(39, '2024-11-09 18:00:00', 18000.00, 'Ingreso por Venta ID 39', 39, 'venta'),
(40, '2024-11-10 19:00:00', 21000.00, 'Ingreso por Venta ID 40', 40, 'venta'),
(41, '2024-11-21 10:00:00', 12000.00, 'Ingreso por Venta ID 41', 41, 'venta'),
(42, '2024-11-22 11:00:00', 15000.00, 'Ingreso por Venta ID 42', 42, 'venta'),
(43, '2024-11-23 12:00:00', 18000.00, 'Ingreso por Venta ID 43', 43, 'venta'),
(44, '2024-11-24 13:00:00', 9000.00, 'Ingreso por Venta ID 44', 44, 'venta'),
(45, '2024-11-25 14:00:00', 21000.00, 'Ingreso por Venta ID 45', 45, 'venta'),
(46, '2024-11-26 15:00:00', 15000.00, 'Ingreso por Venta ID 46', 46, 'venta'),
(47, '2024-11-17 16:00:00', 18000.00, 'Ingreso por Venta ID 47', 47, 'venta'),
(48, '2024-11-18 17:00:00', 12000.00, 'Ingreso por Venta ID 48', 48, 'venta'),
(49, '2024-11-19 18:00:00', 9000.00, 'Ingreso por Venta ID 49', 49, 'venta'),
(50, '2024-11-20 19:00:00', 21000.00, 'Ingreso por Venta ID 50', 50, 'venta'),
(51, '2024-11-21 10:00:00', 15000.00, 'Ingreso por Venta ID 51', 51, 'venta'),
(52, '2024-11-14 13:00:00', 9000.00, 'Ingreso por Venta ID 52', 52, 'venta'),
(53, '2024-11-15 14:00:00', 21000.00, 'Ingreso por Venta ID 53', 53, 'venta'),
(54, '2024-11-16 15:00:00', 15000.00, 'Ingreso por Venta ID 54', 54, 'venta'),
(55, '2024-11-17 16:00:00', 18000.00, 'Ingreso por Venta ID 55', 55, 'venta'),
(56, '2024-11-18 17:00:00', 12000.00, 'Ingreso por Venta ID 56', 56, 'venta'),
(57, '2024-11-19 18:00:00', 9000.00, 'Ingreso por Venta ID 57', 57, 'venta'),
(58, '2024-11-20 19:00:00', 21000.00, 'Ingreso por Venta ID 58', 58, 'venta'),
(59, '2024-11-21 10:00:00', 15000.00, 'Ingreso por Venta ID 59', 59, 'venta'),
(60, '2024-11-22 11:00:00', 18000.00, 'Ingreso por Venta ID 60', 60, 'venta'),
(61, '2024-11-23 12:00:00', 12000.00, 'Ingreso por Venta ID 61', 61, 'venta'),
(62, '2024-11-24 13:00:00', 9000.00, 'Ingreso por Venta ID 62', 62, 'venta'),
(63, '2024-11-25 14:00:00', 21000.00, 'Ingreso por Venta ID 63', 63, 'venta'),
(64, '2024-11-26 15:00:00', 15000.00, 'Ingreso por Venta ID 64', 64, 'venta'),
(65, '2024-11-27 16:00:00', 18000.00, 'Ingreso por Venta ID 65', 65, 'venta'),
(66, '2024-11-28 17:00:00', 12000.00, 'Ingreso por Venta ID 66', 66, 'venta'),
(67, '2024-11-29 18:00:00', 9000.00, 'Ingreso por Venta ID 67', 67, 'venta'),
(68, '2024-11-30 19:00:00', 21000.00, 'Ingreso por Venta ID 68', 68, 'venta'),
(69, '2024-12-01 10:00:00', 15000.00, 'Ingreso por Venta ID 69', 69, 'venta'),
(70, '2024-12-02 11:00:00', 18000.00, 'Ingreso por Venta ID 70', 70, 'venta'),
(71, '2024-12-03 12:00:00', 12000.00, 'Ingreso por Venta ID 71', 71, 'venta'),
(72, '2024-12-04 13:00:00', 9000.00, 'Ingreso por Venta ID 72', 72, 'venta'),
(73, '2024-12-05 14:00:00', 21000.00, 'Ingreso por Venta ID 73', 73, 'venta'),
(74, '2024-12-06 15:00:00', 15000.00, 'Ingreso por Venta ID 74', 74, 'venta'),
(75, '2024-12-07 16:00:00', 18000.00, 'Ingreso por Venta ID 75', 75, 'venta'),
(76, '2024-12-08 17:00:00', 12000.00, 'Ingreso por Venta ID 76', 76, 'venta'),
(77, '2024-12-09 18:00:00', 9000.00, 'Ingreso por Venta ID 77', 77, 'venta'),
(78, '2024-12-10 19:00:00', 21000.00, 'Ingreso por Venta ID 78', 78, 'venta'),
(79, '2024-12-11 10:00:00', 15000.00, 'Ingreso por Venta ID 79', 79, 'venta'),
(80, '2024-12-12 11:00:00', 18000.00, 'Ingreso por Venta ID 80', 80, 'venta'),
(81, '2024-12-13 12:00:00', 12000.00, 'Ingreso por Venta ID 81', 81, 'venta'),
(82, '2024-12-14 13:00:00', 9000.00, 'Ingreso por Venta ID 82', 82, 'venta'),
(83, '2024-12-15 14:00:00', 21000.00, 'Ingreso por Venta ID 83', 83, 'venta'),
(84, '2024-12-16 15:00:00', 15000.00, 'Ingreso por Venta ID 84', 84, 'venta'),
(85, '2024-12-17 16:00:00', 18000.00, 'Ingreso por Venta ID 85', 85, 'venta'),
(86, '2024-12-18 17:00:00', 12000.00, 'Ingreso por Venta ID 86', 86, 'venta'),
(87, '2024-12-19 18:00:00', 9000.00, 'Ingreso por Venta ID 87', 87, 'venta'),
(88, '2024-12-20 19:00:00', 21000.00, 'Ingreso por Venta ID 88', 88, 'venta'),
(89, '2024-12-21 10:00:00', 15000.00, 'Ingreso por Venta ID 89', 89, 'venta'),
(90, '2024-12-22 11:00:00', 18000.00, 'Ingreso por Venta ID 90', 90, 'venta'),
(91, '2024-12-23 12:00:00', 12000.00, 'Ingreso por Venta ID 91', 91, 'venta'),
(92, '2024-12-24 13:00:00', 9000.00, 'Ingreso por Venta ID 92', 92, 'venta'),
(93, '2024-12-25 14:00:00', 21000.00, 'Ingreso por Venta ID 93', 93, 'venta'),
(94, '2024-12-26 15:00:00', 15000.00, 'Ingreso por Venta ID 94', 94, 'venta'),
(95, '2024-12-27 16:00:00', 18000.00, 'Ingreso por Venta ID 95', 95, 'venta'),
(96, '2024-12-28 17:00:00', 12000.00, 'Ingreso por Venta ID 96', 96, 'venta'),
(97, '2024-12-29 18:00:00', 9000.00, 'Ingreso por Venta ID 97', 97, 'venta'),
(98, '2024-12-30 19:00:00', 21000.00, 'Ingreso por Venta ID 98', 98, 'venta'),
(99, '2024-12-31 10:00:00', 15000.00, 'Ingreso por Venta ID 99', 99, 'venta'),
(100, '2025-01-01 11:00:00', 18000.00, 'Ingreso por Venta ID 100', 100, 'venta'),
(101, '2025-01-02 12:00:00', 12000.00, 'Ingreso por Venta ID 101', 101, 'venta'),
(102, '2025-01-03 13:00:00', 9000.00, 'Ingreso por Venta ID 102', 102, 'venta'),
(103, '2025-01-04 14:00:00', 21000.00, 'Ingreso por Venta ID 103', 103, 'venta'),
(104, '2025-01-05 15:00:00', 15000.00, 'Ingreso por Venta ID 104', 104, 'venta'),
(105, '2025-01-06 16:00:00', 18000.00, 'Ingreso por Venta ID 105', 105, 'venta'),
(106, '2025-01-07 17:00:00', 12000.00, 'Ingreso por Venta ID 106', 106, 'venta'),
(107, '2025-01-08 18:00:00', 9000.00, 'Ingreso por Venta ID 107', 107, 'venta'),
(108, '2025-01-09 19:00:00', 21000.00, 'Ingreso por Venta ID 108', 108, 'venta'),
(109, '2025-01-10 10:00:00', 15000.00, 'Ingreso por Venta ID 109', 109, 'venta'),
(110, '2025-01-11 11:00:00', 18000.00, 'Ingreso por Venta ID 110', 110, 'venta'),
(111, '2025-01-12 12:00:00', 12000.00, 'Ingreso por Venta ID 111', 111, 'venta'),
(112, '2025-01-13 13:00:00', 9000.00, 'Ingreso por Venta ID 112', 112, 'venta'),
(113, '2025-01-14 14:00:00', 21000.00, 'Ingreso por Venta ID 113', 113, 'venta'),
(114, '2025-01-15 15:00:00', 15000.00, 'Ingreso por Venta ID 114', 114, 'venta'),
(115, '2025-01-16 16:00:00', 18000.00, 'Ingreso por Venta ID 115', 115, 'venta'),
(116, '2025-01-17 17:00:00', 12000.00, 'Ingreso por Venta ID 116', 116, 'venta'),
(117, '2025-01-18 18:00:00', 9000.00, 'Ingreso por Venta ID 117', 117, 'venta'),
(118, '2025-01-19 19:00:00', 21000.00, 'Ingreso por Venta ID 118', 118, 'venta'),
(119, '2025-01-20 10:00:00', 15000.00, 'Ingreso por Venta ID 119', 119, 'venta'),
(120, '2025-01-21 11:00:00', 18000.00, 'Ingreso por Venta ID 120', 120, 'venta'),
(121, '2025-01-22 12:00:00', 12000.00, 'Ingreso por Venta ID 121', 121, 'venta'),
(122, '2025-01-23 13:00:00', 9000.00, 'Ingreso por Venta ID 122', 122, 'venta'),
(123, '2025-01-24 14:00:00', 21000.00, 'Ingreso por Venta ID 123', 123, 'venta'),
(124, '2025-01-25 15:00:00', 15000.00, 'Ingreso por Venta ID 124', 124, 'venta'),
(125, '2025-01-26 16:00:00', 18000.00, 'Ingreso por Venta ID 125', 125, 'venta'),
(126, '2025-01-27 17:00:00', 12000.00, 'Ingreso por Venta ID 126', 126, 'venta'),
(127, '2025-01-28 18:00:00', 9000.00, 'Ingreso por Venta ID 127', 127, 'venta'),
(128, '2025-01-29 19:00:00', 21000.00, 'Ingreso por Venta ID 128', 128, 'venta'),
(129, '2024-11-22 11:00:00', 18000.00, 'Ingreso por Venta ID 129', 129, 'venta'),
(130, '2024-11-23 12:00:00', 12000.00, 'Ingreso por Venta ID 130', 130, 'venta'),
(131, '2024-11-24 13:00:00', 9000.00, 'Ingreso por Venta ID 131', 131, 'venta'),
(132, '2024-11-25 14:00:00', 21000.00, 'Ingreso por Venta ID 132', 132, 'venta'),
(133, '2024-11-26 15:00:00', 15000.00, 'Ingreso por Venta ID 133', 133, 'venta'),
(134, '2024-11-27 16:00:00', 18000.00, 'Ingreso por Venta ID 134', 134, 'venta'),
(135, '2024-11-28 17:00:00', 12000.00, 'Ingreso por Venta ID 135', 135, 'venta'),
(136, '2024-11-29 18:00:00', 9000.00, 'Ingreso por Venta ID 136', 136, 'venta'),
(137, '2024-11-30 19:00:00', 21000.00, 'Ingreso por Venta ID 137', 137, 'venta'),
(138, '2024-12-01 10:00:00', 15000.00, 'Ingreso por Venta ID 138', 138, 'venta'),
(139, '2024-12-02 11:00:00', 18000.00, 'Ingreso por Venta ID 139', 139, 'venta'),
(140, '2024-12-03 12:00:00', 12000.00, 'Ingreso por Venta ID 140', 140, 'venta'),
(141, '2024-12-04 13:00:00', 9000.00, 'Ingreso por Venta ID 141', 141, 'venta'),
(142, '2024-12-05 14:00:00', 21000.00, 'Ingreso por Venta ID 142', 142, 'venta'),
(143, '2024-12-06 15:00:00', 15000.00, 'Ingreso por Venta ID 143', 143, 'venta'),
(144, '2024-12-07 16:00:00', 18000.00, 'Ingreso por Venta ID 144', 144, 'venta'),
(145, '2024-12-08 17:00:00', 12000.00, 'Ingreso por Venta ID 145', 145, 'venta'),
(146, '2024-12-09 18:00:00', 9000.00, 'Ingreso por Venta ID 146', 146, 'venta'),
(147, '2024-12-10 19:00:00', 21000.00, 'Ingreso por Venta ID 147', 147, 'venta'),
(148, '2024-12-11 10:00:00', 15000.00, 'Ingreso por Venta ID 148', 148, 'venta'),
(149, '2024-12-12 11:00:00', 18000.00, 'Ingreso por Venta ID 149', 149, 'venta'),
(150, '2024-12-13 12:00:00', 12000.00, 'Ingreso por Venta ID 150', 150, 'venta');


INSERT INTO `app_inventario_producto` (`id`, `nombre`, `descripcion`, `precio`, `cantidad_stock`, `stock_minimo`) VALUES
(1, 'Aguila Ligth Botella', 'Aguila Ligth  330ml', 3000.00, 552, 30),
(2, 'Aguila Original Botella', 'Aguila Original Botella 330 ml', 3000.00, 30, 30),
(3, 'Poker Botella', 'Poker botella  330 ml', 3000.00, 12, 30),
(4, 'budweiser botella', 'budweiser Botella', 3000.00, 0, 6),
(5, 'Costeña Bacana Botella', 'Costeña Bacana  Botella 330 ml', 3000.00, 89, 30),
(6, 'Coronita', 'Coronita botella 210 ml', 4000.00, 13, 6);

INSERT INTO `app_pedidos_pedido` (`id`, `fecha_pedido`, `estado`, `proveedor_id`, `observaciones`) VALUES
(2, '2024-11-05', 'recibido', 1, 'Poker 2 canastas\r\nAguila Original 2 canastas \r\nAguila Ligth 22 canastas \r\nCoronita 4 six pack \r\nCosteña 4 canastas \r\nfecha 02-10-24');

INSERT INTO `app_pedidos_pedidodetalle` (`id`, `cantidad`, `costo_unitario`, `pedido_id`, `producto_id`) VALUES
(1, 60, 1946.00, 2, 3),
(2, 60, 2016.00, 2, 2),
(3, 659, 2029.00, 2, 1),
(4, 24, 2478.98, 2, 6),
(5, 120, 1683.00, 2, 5);

INSERT INTO `app_pedidos_proveedor` (`id`, `nombre`, `direccion`, `telefono`, `email`, `fecha_registro`) VALUES
(1, 'Bavaria', 'Carrera 53A # 127-35', '018000 526555', 'Protecciondedatos@co.ab-inbev.com', '2025-04-27 16:17:34.085363'),
(2, 'Distribuidora MR&T', 'N/A', '3218034028', 'distribuidoraMR&T@gmail.com', '2025-04-27 16:22:45.228737'),
(3, 'Gaseosas LUX S.A.S', 'CR 2 ESTE 1635', '018000515959', 'recepcionfe@gaslux.com.co', '2025-04-27 16:24:26.304170'),
(4, 'Distribuidora Distribuciones JYC Rico S.A.S', 'Cr 8601 Urb Bolonia MZ - El rosal', '3143598575', 'distribucionesJYCRico@gmail.com', '2025-04-27 16:27:48.910413'),
(5, 'Dulcería San Carlos', 'CR 8 No 11-04 Barrio San Carlos', '3217547484', 'alexrooos31@gmail.com', '2025-04-27 16:29:04.116705');

INSERT INTO `app_usuarios_profile` (`id`, `nombre_completo`, `telefono`, `direccion`, `fecha_contratacion`, `rol`, `user_id`) VALUES
(1, '', NULL, NULL, NULL, 'Administrador', 1),
(2, 'Juan Esteban Cortes Celis', '3002714478', 'El Rosal', '2024-10-01', 'Empleado', 2);

--Los id productos van de 1 a 6 de momento, asi que deben ser aleatorias las ventas
INSERT INTO `app_ventas_venta` (`id`, `fecha_creacion`, `fecha_modificacion`, `estado`, `total`, `observaciones`, `creado_por_id`, `empleado_id`, `modificado_por_id`) VALUES
(1, '2024-11-07 10:15:20.444214', '2024-11-07 10:15:20.437606', 'completada', 9000.00, 'None', NULL, 1, 1),
(2, '2024-11-14 11:24:48.669737', '2024-11-14 11:24:48.692977', 'completada', 9000.00, NULL, NULL, 1, NULL),
(3, '2024-11-21 14:35:37.465000', '2024-11-21 14:35:37.492955', 'completada', 12000.00, NULL, NULL, 1, NULL),
(4, '2024-11-28 16:47:01.176030', '2024-11-28 16:47:01.206608', 'completada', 12000.00, NULL, NULL, 1, NULL),
(5, '2024-12-05 09:16:08.091558', '2024-12-05 09:16:08.119558', 'completada', 60000.00, NULL, NULL, 2, NULL),
(6, '2024-12-12 10:27:37.746320', '2024-12-12 10:27:37.783713', 'completada', 30000.00, NULL, NULL, 2, NULL),
(7, '2024-12-19 15:38:59.773049', '2024-12-19 15:38:59.820458', 'completada', 90000.00, NULL, NULL, 2, NULL),
(8, '2024-12-26 17:44:52.582925', '2024-12-26 17:44:52.640591', 'completada', 16000.00, NULL, NULL, 2, NULL),
(9, '2025-01-02 11:25:38.567368', '2025-01-02 11:25:38.585686', 'completada', 12000.00, NULL, NULL, 2, NULL),
(10, '2025-01-09 13:34:20.184036', '2025-01-09 13:34:20.217786', 'completada', 10000.00, NULL, NULL, 2, NULL),
(11, '2025-01-16 14:35:12.207012', '2025-01-16 14:35:12.221601', 'completada', 33000.00, NULL, NULL, 2, NULL),
(12, '2025-01-23 16:36:21.867403', '2025-01-23 16:36:21.897907', 'completada', 45000.00, NULL, NULL, 2, NULL),
(13, '2025-02-06 10:37:21.020570', '2025-02-06 10:37:21.035898', 'completada', 8000.00, NULL, NULL, 2, NULL),
(14, '2025-02-13 11:37:42.218151', '2025-02-13 11:37:42.234423', 'completada', 10000.00, NULL, NULL, 2, NULL),
(15, '2025-02-20 14:40:09.938573', '2025-02-20 14:40:09.960094', 'completada', 60000.00, NULL, NULL, 2, NULL),
(16, '2025-02-27 15:41:34.111486', '2025-02-27 15:41:34.146338', 'completada', 30000.00, NULL, NULL, 2, NULL),
(17, '2025-03-06 09:42:37.382716', '2025-03-06 09:42:37.407226', 'completada', 75000.00, NULL, NULL, 2, NULL),
(18, '2025-03-13 10:43:52.153947', '2025-03-13 10:43:52.166634', 'completada', 6000.00, NULL, NULL, 1, NULL),
(19, '2025-03-20 14:44:03.234011', '2025-03-20 14:44:03.249993', 'completada', 9000.00, NULL, NULL, 1, NULL),
(20, '2025-03-27 16:44:21.081482', '2025-03-27 16:44:21.093820', 'completada', 24000.00, NULL, NULL, 1, NULL),
(21, '2025-04-03 10:44:50.798263', '2025-04-03 10:44:50.823769', 'completada', 27000.00, NULL, NULL, 1, NULL),
(22, '2025-04-10 11:45:10.880687', '2025-04-10 11:45:10.903345', 'completada', 15000.00, NULL, NULL, 1, NULL),
(23, '2025-04-17 14:45:27.299545', '2025-04-17 14:45:27.313469', 'completada', 45000.00, NULL, NULL, 1, NULL),
(24, '2025-04-24 16:45:54.462231', '2025-04-24 16:45:54.481812', 'completada', 45000.00, NULL, NULL, 1, NULL),
(25, '2024-05-03 11:10:00', '2024-05-03 11:10:00', 'completada', 15000.00, NULL, 1, 1, 1),
(26, '2024-06-10 13:20:00', '2024-06-10 13:20:00', 'completada', 21000.00, NULL, 2, 2, 2),
(27, '2024-07-15 15:30:00', '2024-07-15 15:30:00', 'completada', 12000.00, NULL, 1, 1, 1),
(28, '2024-08-05 10:00:00', '2024-08-05 10:00:00', 'completada', 18000.00, NULL, 2, 2, 2),
(29, '2024-09-12 16:00:00', '2024-09-12 16:00:00', 'completada', 24000.00, NULL, 1, 1, 1),
(30, '2024-10-20 14:45:00', '2024-10-20 14:45:00', 'completada', 27000.00, NULL, 2, 2, 2),
(31, '2024-11-01 10:00:00', '2024-11-01 10:00:00', 'completada', 9000.00, NULL, 1, 1, 1),
(32, '2024-11-02 11:00:00', '2024-11-02 11:00:00', 'completada', 12000.00, NULL, 2, 2, 2),
(33, '2024-11-03 12:00:00', '2024-11-03 12:00:00', 'completada', 15000.00, NULL, 1, 1, 1),
(34, '2024-11-04 13:00:00', '2024-11-04 13:00:00', 'completada', 18000.00, NULL, 2, 2, 2),
(35, '2024-11-05 14:00:00', '2024-11-05 14:00:00', 'completada', 21000.00, NULL, 1, 1, 1),
(36, '2024-11-06 15:00:00', '2024-11-06 15:00:00', 'completada', 9000.00, NULL, 2, 2, 2),
(37, '2024-11-07 16:00:00', '2024-11-07 16:00:00', 'completada', 12000.00, NULL, 1, 1, 1),
(38, '2024-11-08 17:00:00', '2024-11-08 17:00:00', 'completada', 15000.00, NULL, 2, 2, 2),
(39, '2024-11-09 18:00:00', '2024-11-09 18:00:00', 'completada', 18000.00, NULL, 1, 1, 1),
(40, '2024-11-10 19:00:00', '2024-11-10 19:00:00', 'completada', 21000.00, NULL, 2, 2, 2),
(41, '2024-11-21 10:00:00', '2024-11-21 10:00:00', 'completada', 12000.00, NULL, 1, 1, 1),
(42, '2024-11-22 11:00:00', '2024-11-22 11:00:00', 'completada', 15000.00, NULL, 2, 2, 2),
(43, '2024-11-23 12:00:00', '2024-11-23 12:00:00', 'completada', 18000.00, NULL, 1, 1, 1),
(44, '2024-11-24 13:00:00', '2024-11-24 13:00:00', 'completada', 9000.00, NULL, 2, 2, 2),
(45, '2024-11-25 14:00:00', '2024-11-25 14:00:00', 'completada', 21000.00, NULL, 1, 1, 1),
(46, '2024-11-26 15:00:00', '2024-11-26 15:00:00', 'completada', 15000.00, NULL, 2, 2, 2),
(47, '2024-11-17 16:00:00', '2024-11-17 16:00:00', 'completada', 18000.00, NULL, 1, 1, 1),
(48, '2024-11-18 17:00:00', '2024-11-18 17:00:00', 'completada', 12000.00, NULL, 2, 2, 2),
(49, '2024-11-19 18:00:00', '2024-11-19 18:00:00', 'completada', 9000.00, NULL, 1, 1, 1),
(50, '2024-11-20 19:00:00', '2024-11-20 19:00:00', 'completada', 21000.00, NULL, 2, 2, 2),
(51, '2024-11-21 10:00:00', '2024-11-21 10:00:00', 'completada', 15000.00, NULL, 1, 1, 1),
(52, '2024-11-14 13:00:00', '2024-11-14 13:00:00', 'completada', 9000.00, NULL, 2, 2, 2),
(53, '2024-11-15 14:00:00', '2024-11-15 14:00:00', 'completada', 21000.00, NULL, 1, 1, 1),
(54, '2024-11-16 15:00:00', '2024-11-16 15:00:00', 'completada', 15000.00, NULL, 2, 2, 2),
(55, '2024-11-17 16:00:00', '2024-11-17 16:00:00', 'completada', 18000.00, NULL, 1, 1, 1),
(56, '2024-11-18 17:00:00', '2024-11-18 17:00:00', 'completada', 12000.00, NULL, 2, 2, 2),
(57, '2024-11-19 18:00:00', '2024-11-19 18:00:00', 'completada', 9000.00, NULL, 1, 1, 1),
(58, '2024-11-20 19:00:00', '2024-11-20 19:00:00', 'completada', 21000.00, NULL, 2, 2, 2),
(59, '2024-11-21 10:00:00', '2024-11-21 10:00:00', 'completada', 15000.00, NULL, 1, 1, 1),
(60, '2024-11-22 11:00:00', '2024-11-22 11:00:00', 'completada', 18000.00, NULL, 2, 2, 2),
(61, '2024-11-23 12:00:00', '2024-11-23 12:00:00', 'completada', 12000.00, NULL, 1, 1, 1),
(62, '2024-11-24 13:00:00', '2024-11-24 13:00:00', 'completada', 9000.00, NULL, 2, 2, 2),
(63, '2024-11-25 14:00:00', '2024-11-25 14:00:00', 'completada', 21000.00, NULL, 1, 1, 1),
(64, '2024-11-26 15:00:00', '2024-11-26 15:00:00', 'completada', 15000.00, NULL, 2, 2, 2),
(65, '2024-11-27 16:00:00', '2024-11-27 16:00:00', 'completada', 18000.00, NULL, 1, 1, 1),
(66, '2024-11-28 17:00:00', '2024-11-28 17:00:00', 'completada', 12000.00, NULL, 2, 2, 2),
(67, '2024-11-29 18:00:00', '2024-11-29 18:00:00', 'completada', 9000.00, NULL, 1, 1, 1),
(68, '2024-11-30 19:00:00', '2024-11-30 19:00:00', 'completada', 21000.00, NULL, 2, 2, 2),
(69, '2024-12-01 10:00:00', '2024-12-01 10:00:00', 'completada', 15000.00, NULL, 1, 1, 1),
(70, '2024-12-02 11:00:00', '2024-12-02 11:00:00', 'completada', 18000.00, NULL, 2, 2, 2),
(71, '2024-12-03 12:00:00', '2024-12-03 12:00:00', 'completada', 12000.00, NULL, 1, 1, 1),
(72, '2024-12-04 13:00:00', '2024-12-04 13:00:00', 'completada', 9000.00, NULL, 2, 2, 2),
(73, '2024-12-05 14:00:00', '2024-12-05 14:00:00', 'completada', 21000.00, NULL, 1, 1, 1),
(74, '2024-12-06 15:00:00', '2024-12-06 15:00:00', 'completada', 15000.00, NULL, 2, 2, 2),
(75, '2024-12-07 16:00:00', '2024-12-07 16:00:00', 'completada', 18000.00, NULL, 1, 1, 1),
(76, '2024-12-08 17:00:00', '2024-12-08 17:00:00', 'completada', 12000.00, NULL, 2, 2, 2),
(77, '2024-12-09 18:00:00', '2024-12-09 18:00:00', 'completada', 9000.00, NULL, 1, 1, 1),
(78, '2024-12-10 19:00:00', '2024-12-10 19:00:00', 'completada', 21000.00, NULL, 2, 2, 2),
(79, '2024-12-11 10:00:00', '2024-12-11 10:00:00', 'completada', 15000.00, NULL, 1, 1, 1),
(80, '2024-12-12 11:00:00', '2024-12-12 11:00:00', 'completada', 18000.00, NULL, 2, 2, 2),
(81, '2024-12-13 12:00:00', '2024-12-13 12:00:00', 'completada', 12000.00, NULL, 1, 1, 1),
(82, '2024-12-14 13:00:00', '2024-12-14 13:00:00', 'completada', 9000.00, NULL, 2, 2, 2),
(83, '2024-12-15 14:00:00', '2024-12-15 14:00:00', 'completada', 21000.00, NULL, 1, 1, 1),
(84, '2024-12-16 15:00:00', '2024-12-16 15:00:00', 'completada', 15000.00, NULL, 2, 2, 2),
(85, '2024-12-17 16:00:00', '2024-12-17 16:00:00', 'completada', 18000.00, NULL, 1, 1, 1),
(86, '2024-12-18 17:00:00', '2024-12-18 17:00:00', 'completada', 12000.00, NULL, 2, 2, 2),
(87, '2024-12-19 18:00:00', '2024-12-19 18:00:00', 'completada', 9000.00, NULL, 1, 1, 1),
(88, '2024-12-20 19:00:00', '2024-12-20 19:00:00', 'completada', 21000.00, NULL, 2, 2, 2),
(89, '2024-12-21 10:00:00', '2024-12-21 10:00:00', 'completada', 15000.00, NULL, 1, 1, 1),
(90, '2024-12-22 11:00:00', '2024-12-22 11:00:00', 'completada', 18000.00, NULL, 2, 2, 2),
(91, '2024-12-23 12:00:00', '2024-12-23 12:00:00', 'completada', 12000.00, NULL, 1, 1, 1),
(92, '2024-12-24 13:00:00', '2024-12-24 13:00:00', 'completada', 9000.00, NULL, 2, 2, 2),
(93, '2024-12-25 14:00:00', '2024-12-25 14:00:00', 'completada', 21000.00, NULL, 1, 1, 1),
(94, '2024-12-26 15:00:00', '2024-12-26 15:00:00', 'completada', 15000.00, NULL, 2, 2, 2),
(95, '2024-12-27 16:00:00', '2024-12-27 16:00:00', 'completada', 18000.00, NULL, 1, 1, 1),
(96, '2024-12-28 17:00:00', '2024-12-28 17:00:00', 'completada', 12000.00, NULL, 2, 2, 2),
(97, '2024-12-29 18:00:00', '2024-12-29 18:00:00', 'completada', 9000.00, NULL, 1, 1, 1),
(98, '2024-12-30 19:00:00', '2024-12-30 19:00:00', 'completada', 21000.00, NULL, 2, 2, 2),
(99, '2024-12-31 10:00:00', '2024-12-31 10:00:00', 'completada', 15000.00, NULL, 1, 1, 1),
(100, '2025-01-01 11:00:00', '2025-01-01 11:00:00', 'completada', 18000.00, NULL, 2, 2, 2),
(101, '2025-01-02 12:00:00', '2025-01-02 12:00:00', 'completada', 12000.00, NULL, 1, 1, 1),
(102, '2025-01-03 13:00:00', '2025-01-03 13:00:00', 'completada', 9000.00, NULL, 2, 2, 2),
(103, '2025-01-04 14:00:00', '2025-01-04 14:00:00', 'completada', 21000.00, NULL, 1, 1, 1),
(104, '2025-01-05 15:00:00', '2025-01-05 15:00:00', 'completada', 15000.00, NULL, 2, 2, 2),
(105, '2025-01-06 16:00:00', '2025-01-06 16:00:00', 'completada', 18000.00, NULL, 1, 1, 1),
(106, '2025-01-07 17:00:00', '2025-01-07 17:00:00', 'completada', 12000.00, NULL, 2, 2, 2),
(107, '2025-01-08 18:00:00', '2025-01-08 18:00:00', 'completada', 9000.00, NULL, 1, 1, 1),
(108, '2025-01-09 19:00:00', '2025-01-09 19:00:00', 'completada', 21000.00, NULL, 2, 2, 2),
(109, '2025-01-10 10:00:00', '2025-01-10 10:00:00', 'completada', 15000.00, NULL, 1, 1, 1),
(110, '2025-01-11 11:00:00', '2025-01-11 11:00:00', 'completada', 18000.00, NULL, 2, 2, 2),
(111, '2025-01-12 12:00:00', '2025-01-12 12:00:00', 'completada', 12000.00, NULL, 1, 1, 1),
(112, '2025-01-13 13:00:00', '2025-01-13 13:00:00', 'completada', 9000.00, NULL, 2, 2, 2),
(113, '2025-01-14 14:00:00', '2025-01-14 14:00:00', 'completada', 21000.00, NULL, 1, 1, 1),
(114, '2025-01-15 15:00:00', '2025-01-15 15:00:00', 'completada', 15000.00, NULL, 2, 2, 2),
(115, '2025-01-16 16:00:00', '2025-01-16 16:00:00', 'completada', 18000.00, NULL, 1, 1, 1),
(116, '2025-01-17 17:00:00', '2025-01-17 17:00:00', 'completada', 12000.00, NULL, 2, 2, 2),
(117, '2025-01-18 18:00:00', '2025-01-18 18:00:00', 'completada', 9000.00, NULL, 1, 1, 1),
(118, '2025-01-19 19:00:00', '2025-01-19 19:00:00', 'completada', 21000.00, NULL, 2, 2, 2),
(119, '2025-01-20 10:00:00', '2025-01-20 10:00:00', 'completada', 15000.00, NULL, 1, 1, 1),
(120, '2025-01-21 11:00:00', '2025-01-21 11:00:00', 'completada', 18000.00, NULL, 2, 2, 2),
(121, '2025-01-22 12:00:00', '2025-01-22 12:00:00', 'completada', 12000.00, NULL, 1, 1, 1),
(122, '2025-01-23 13:00:00', '2025-01-23 13:00:00', 'completada', 9000.00, NULL, 2, 2, 2),
(123, '2025-01-24 14:00:00', '2025-01-24 14:00:00', 'completada', 21000.00, NULL, 1, 1, 1),
(124, '2025-01-25 15:00:00', '2025-01-25 15:00:00', 'completada', 15000.00, NULL, 2, 2, 2),
(125, '2025-01-26 16:00:00', '2025-01-26 16:00:00', 'completada', 18000.00, NULL, 1, 1, 1),
(126, '2025-01-27 17:00:00', '2025-01-27 17:00:00', 'completada', 12000.00, NULL, 2, 2, 2),
(127, '2025-01-28 18:00:00', '2025-01-28 18:00:00', 'completada', 9000.00, NULL, 1, 1, 1),
(128, '2025-01-29 19:00:00', '2025-01-29 19:00:00', 'completada', 21000.00, NULL, 2, 2, 2),
(129, '2024-11-22 11:00:00', '2024-11-22 11:00:00', 'completada', 18000.00, NULL, 2, 2, 2),
(130, '2024-11-23 12:00:00', '2024-11-23 12:00:00', 'completada', 12000.00, NULL, 1, 1, 1),
(131, '2024-11-24 13:00:00', '2024-11-24 13:00:00', 'completada', 9000.00, NULL, 2, 2, 2),
(132, '2024-11-25 14:00:00', '2024-11-25 14:00:00', 'completada', 21000.00, NULL, 1, 1, 1),
(133, '2024-11-26 15:00:00', '2024-11-26 15:00:00', 'completada', 15000.00, NULL, 2, 2, 2),
(134, '2024-11-27 16:00:00', '2024-11-27 16:00:00', 'completada', 18000.00, NULL, 1, 1, 1),
(135, '2024-11-28 17:00:00', '2024-11-28 17:00:00', 'completada', 12000.00, NULL, 2, 2, 2),
(136, '2024-11-29 18:00:00', '2024-11-29 18:00:00', 'completada', 9000.00, NULL, 1, 1, 1),
(137, '2024-11-30 19:00:00', '2024-11-30 19:00:00', 'completada', 21000.00, NULL, 2, 2, 2),
(138, '2024-12-01 10:00:00', '2024-12-01 10:00:00', 'completada', 15000.00, NULL, 1, 1, 1),
(139, '2024-12-02 11:00:00', '2024-12-02 11:00:00', 'completada', 18000.00, NULL, 2, 2, 2),
(140, '2024-12-03 12:00:00', '2024-12-03 12:00:00', 'completada', 12000.00, NULL, 1, 1, 1),
(141, '2024-12-04 13:00:00', '2024-12-04 13:00:00', 'completada', 9000.00, NULL, 2, 2, 2),
(142, '2024-12-05 14:00:00', '2024-12-05 14:00:00', 'completada', 21000.00, NULL, 1, 1, 1),
(143, '2024-12-06 15:00:00', '2024-12-06 15:00:00', 'completada', 15000.00, NULL, 2, 2, 2),
(144, '2024-12-07 16:00:00', '2024-12-07 16:00:00', 'completada', 18000.00, NULL, 1, 1, 1),
(145, '2024-12-08 17:00:00', '2024-12-08 17:00:00', 'completada', 12000.00, NULL, 2, 2, 2),
(146, '2024-12-09 18:00:00', '2024-12-09 18:00:00', 'completada', 9000.00, NULL, 1, 1, 1),
(147, '2024-12-10 19:00:00', '2024-12-10 19:00:00', 'completada', 21000.00, NULL, 2, 2, 2),
(148, '2024-12-11 10:00:00', '2024-12-11 10:00:00', 'completada', 15000.00, NULL, 1, 1, 1),
(149, '2024-12-12 11:00:00', '2024-12-12 11:00:00', 'completada', 18000.00, NULL, 2, 2, 2),
(150, '2024-12-13 12:00:00', '2024-12-13 12:00:00', 'completada', 12000.00, NULL, 1, 1, 1);



INSERT INTO `app_ventas_ventadetalle` (`id`, `cantidad`, `precio_unitario`, `precio_total`, `producto_id`, `venta_id`) VALUES
(1, 2, 3000.00, 6000.00, 1, 1),
(2, 1, 3000.00, 3000.00, 3, 1),
(3, 1, 3000.00, 3000.00, 1, 2),
(4, 1, 3000.00, 3000.00, 3, 2),
(5, 1, 3000.00, 3000.00, 1, 2),
(6, 2, 3000.00, 6000.00, 1, 3),
(7, 2, 3000.00, 6000.00, 2, 3),
(8, 2, 3000.00, 6000.00, 1, 4),
(9, 2, 3000.00, 6000.00, 3, 4),
(10, 15, 3000.00, 45000.00, 1, 5),
(11, 5, 3000.00, 15000.00, 3, 5),
(12, 6, 3000.00, 18000.00, 5, 6),
(13, 4, 3000.00, 12000.00, 3, 6),
(14, 10, 3000.00, 30000.00, 1, 7),
(15, 10, 3000.00, 30000.00, 5, 7),
(16, 5, 3000.00, 15000.00, 3, 7),
(17, 5, 3000.00, 15000.00, 2, 7),
(18, 1, 3000.00, 3000.00, 1, 8),
(19, 1, 3000.00, 3000.00, 2, 8),
(20, 1, 3000.00, 3000.00, 3, 8),
(21, 1, 3000.00, 3000.00, 5, 8),
(22, 1, 4000.00, 4000.00, 6, 8),
(23, 4, 3000.00, 12000.00, 3, 9),
(24, 2, 3000.00, 6000.00, 1, 10),
(25, 1, 4000.00, 4000.00, 6, 10),
(26, 4, 3000.00, 12000.00, 1, 11),
(27, 7, 3000.00, 21000.00, 2, 11),
(28, 4, 3000.00, 12000.00, 1, 12),
(29, 4, 3000.00, 12000.00, 1, 12),
(30, 3, 3000.00, 9000.00, 3, 12),
(31, 4, 3000.00, 12000.00, 5, 12),
(32, 1, 4000.00, 4000.00, 6, 13),
(33, 1, 4000.00, 4000.00, 6, 13),
(34, 1, 4000.00, 4000.00, 6, 14),
(35, 2, 3000.00, 6000.00, 1, 14),
(36, 14, 3000.00, 42000.00, 1, 15),
(37, 2, 3000.00, 6000.00, 1, 15),
(38, 4, 3000.00, 12000.00, 3, 15),
(39, 2, 3000.00, 6000.00, 1, 16),
(40, 2, 3000.00, 6000.00, 2, 16),
(41, 5, 3000.00, 15000.00, 3, 16),
(42, 1, 3000.00, 3000.00, 5, 16),
(43, 10, 3000.00, 30000.00, 1, 17),
(44, 5, 3000.00, 15000.00, 5, 17),
(45, 10, 3000.00, 30000.00, 3, 17),
(46, 2, 3000.00, 6000.00, 1, 18),
(47, 3, 3000.00, 9000.00, 3, 19),
(48, 6, 4000.00, 24000.00, 6, 20),
(49, 4, 3000.00, 12000.00, 1, 21),
(50, 5, 3000.00, 15000.00, 2, 21),
(51, 4, 3000.00, 12000.00, 5, 22),
(52, 1, 3000.00, 3000.00, 2, 22),
(53, 15, 3000.00, 45000.00, 1, 23),
(54, 7, 3000.00, 21000.00, 2, 24),
(55, 8, 3000.00, 24000.00, 1, 24),
(56, 3, 3000.00, 9000.00, 1, 25),
(57, 2, 3000.00, 6000.00, 3, 25),
(58, 7, 3000.00, 21000.00, 2, 26),
(59, 2, 3000.00, 6000.00, 5, 26),
(60, 4, 3000.00, 12000.00, 1, 27),
(61, 2, 3000.00, 6000.00, 3, 27),
(62, 4, 3000.00, 12000.00, 5, 28),
(63, 2, 3000.00, 6000.00, 6, 28),
(64, 5, 3000.00, 15000.00, 1, 29),
(65, 3, 3000.00, 9000.00, 2, 29),
(66, 6, 3000.00, 18000.00, 5, 30),
(67, 3, 3000.00, 9000.00, 6, 30),
-- Detalles masivos generados automáticamente a partir del ID 68
(68, 3, 4000.00, 12000.00, 1, 52),
(69, 2, 3000.00, 6000.00, 2, 52),
(70, 5, 3000.00, 15000.00, 3, 53),
(71, 1, 3000.00, 3000.00, 4, 53),
(72, 6, 3000.00, 18000.00, 5, 54),
(73, 2, 3000.00, 6000.00, 6, 54),
(74, 4, 3000.00, 12000.00, 1, 55),
(75, 2, 3000.00, 6000.00, 2, 55),
(76, 7, 3000.00, 21000.00, 3, 56),
(77, 1, 3000.00, 3000.00, 4, 56),
(78, 5, 3000.00, 15000.00, 5, 57),
(79, 2, 3000.00, 6000.00, 6, 57),
(80, 4, 3000.00, 12000.00, 1, 58),
(81, 2, 3000.00, 6000.00, 2, 58),
(82, 6, 3000.00, 18000.00, 3, 59),
(83, 1, 3000.00, 3000.00, 4, 59),
(84, 5, 3000.00, 15000.00, 5, 60),
(85, 2, 3000.00, 6000.00, 6, 60),
(86, 4, 3000.00, 12000.00, 1, 61),
(87, 2, 3000.00, 6000.00, 2, 61),
(88, 7, 3000.00, 21000.00, 3, 62),
(89, 1, 3000.00, 3000.00, 4, 62),
(90, 5, 3000.00, 15000.00, 5, 63),
(91, 2, 3000.00, 6000.00, 6, 63),
(92, 4, 3000.00, 12000.00, 1, 64),
(93, 2, 3000.00, 6000.00, 2, 64),
(94, 6, 3000.00, 18000.00, 3, 65),
(95, 1, 3000.00, 3000.00, 4, 65),
(96, 5, 3000.00, 15000.00, 5, 66),
(97, 2, 3000.00, 6000.00, 6, 66),
(98, 4, 3000.00, 12000.00, 1, 67),
(99, 2, 3000.00, 6000.00, 2, 67),
(100, 6, 3000.00, 18000.00, 3, 68),
(101, 1, 3000.00, 3000.00, 4, 68),
(102, 5, 3000.00, 15000.00, 5, 69),
(103, 2, 3000.00, 6000.00, 6, 69),
(104, 4, 3000.00, 12000.00, 1, 70),
(105, 2, 3000.00, 6000.00, 2, 70),
(106, 7, 3000.00, 21000.00, 3, 71),
(107, 1, 3000.00, 3000.00, 4, 71),
(108, 5, 3000.00, 15000.00, 5, 72),
(109, 2, 3000.00, 6000.00, 6, 72),
(110, 4, 3000.00, 12000.00, 1, 73),
(111, 2, 3000.00, 6000.00, 2, 73),
(112, 6, 3000.00, 18000.00, 3, 74),
(113, 1, 3000.00, 3000.00, 4, 74),
(114, 5, 3000.00, 15000.00, 5, 75),
(115, 2, 3000.00, 6000.00, 6, 75),
(116, 4, 3000.00, 12000.00, 1, 76),
(117, 2, 3000.00, 6000.00, 2, 76),
(118, 7, 3000.00, 21000.00, 3, 77),
(119, 1, 3000.00, 3000.00, 4, 77),
(120, 5, 3000.00, 15000.00, 5, 78),
(121, 2, 3000.00, 6000.00, 6, 78),
(122, 4, 3000.00, 12000.00, 1, 79),
(123, 2, 3000.00, 6000.00, 2, 79),
(124, 6, 3000.00, 18000.00, 3, 80),
(125, 1, 3000.00, 3000.00, 4, 80),
(126, 5, 3000.00, 15000.00, 5, 81),
(127, 2, 3000.00, 6000.00, 6, 81),
(128, 4, 3000.00, 12000.00, 1, 82),
(129, 2, 3000.00, 6000.00, 2, 82),
(130, 7, 3000.00, 21000.00, 3, 83),
(131, 1, 3000.00, 3000.00, 4, 83),
(132, 5, 3000.00, 15000.00, 5, 84),
(133, 2, 3000.00, 6000.00, 6, 84),
(134, 4, 3000.00, 12000.00, 1, 85),
(135, 2, 3000.00, 6000.00, 2, 85),
(136, 6, 3000.00, 18000.00, 3, 86),
(137, 1, 3000.00, 3000.00, 4, 86),
(138, 5, 3000.00, 15000.00, 5, 87),
(139, 2, 3000.00, 6000.00, 6, 87),
(140, 4, 3000.00, 12000.00, 1, 88),
(141, 2, 3000.00, 6000.00, 2, 88),
(142, 7, 3000.00, 21000.00, 3, 89),
(143, 1, 3000.00, 3000.00, 4, 89),
(144, 5, 3000.00, 15000.00, 5, 90),
(145, 2, 3000.00, 6000.00, 6, 90),
(146, 4, 3000.00, 12000.00, 1, 91),
(147, 2, 3000.00, 6000.00, 2, 91),
(148, 6, 3000.00, 18000.00, 3, 92),
(149, 1, 3000.00, 3000.00, 4, 92),
(150, 5, 3000.00, 15000.00, 5, 93),
(151, 2, 3000.00, 6000.00, 6, 93),
(152, 4, 3000.00, 12000.00, 1, 94),
(153, 2, 3000.00, 6000.00, 2, 94),
(154, 6, 3000.00, 18000.00, 3, 95),
(155, 1, 3000.00, 3000.00, 4, 95),
(156, 5, 3000.00, 15000.00, 5, 96),
(157, 2, 3000.00, 6000.00, 6, 96),
(158, 4, 3000.00, 12000.00, 1, 97),
(159, 2, 3000.00, 6000.00, 2, 97),
(160, 7, 3000.00, 21000.00, 3, 98),
(161, 1, 3000.00, 3000.00, 4, 98),
(162, 5, 3000.00, 15000.00, 5, 99),
(163, 2, 3000.00, 6000.00, 6, 99),
(164, 4, 3000.00, 12000.00, 1, 100),
(165, 2, 3000.00, 6000.00, 2, 100),
(166, 6, 3000.00, 18000.00, 3, 101),
(167, 1, 3000.00, 3000.00, 4, 101),
(168, 5, 3000.00, 15000.00, 5, 102),
(169, 2, 3000.00, 6000.00, 6, 102),
(170, 4, 3000.00, 12000.00, 1, 103),
(171, 2, 3000.00, 6000.00, 2, 103),
(172, 7, 3000.00, 21000.00, 3, 104),
(173, 1, 3000.00, 3000.00, 4, 104),
(174, 5, 3000.00, 15000.00, 5, 105),
(175, 2, 3000.00, 6000.00, 6, 105),
(176, 4, 3000.00, 12000.00, 1, 106),
(177, 2, 3000.00, 6000.00, 2, 106),
(178, 6, 3000.00, 18000.00, 3, 107),
(179, 1, 3000.00, 3000.00, 4, 107),
(180, 5, 3000.00, 15000.00, 5, 108),
(181, 2, 3000.00, 6000.00, 6, 108),
(182, 4, 3000.00, 12000.00, 1, 109),
(183, 2, 3000.00, 6000.00, 2, 109),
(184, 7, 3000.00, 21000.00, 3, 110),
(185, 1, 3000.00, 3000.00, 4, 110),
(186, 5, 3000.00, 15000.00, 5, 111),
(187, 2, 3000.00, 6000.00, 6, 111),
(188, 4, 3000.00, 12000.00, 1, 112),
(189, 2, 3000.00, 6000.00, 2, 112),
(190, 6, 3000.00, 18000.00, 3, 113),
(191, 1, 3000.00, 3000.00, 4, 113),
(192, 5, 3000.00, 15000.00, 5, 114),
(193, 2, 3000.00, 6000.00, 6, 114),
(194, 4, 3000.00, 12000.00, 1, 115),
(195, 2, 3000.00, 6000.00, 2, 115),
(196, 7, 3000.00, 21000.00, 3, 116),
(197, 1, 3000.00, 3000.00, 4, 116),
(198, 5, 3000.00, 15000.00, 5, 117),
(199, 2, 3000.00, 6000.00, 6, 117),
(200, 4, 3000.00, 12000.00, 1, 118),
(201, 2, 3000.00, 6000.00, 2, 118),
(202, 6, 3000.00, 18000.00, 3, 119),
(203, 1, 3000.00, 3000.00, 4, 119),
(204, 5, 3000.00, 15000.00, 5, 120),
(205, 2, 3000.00, 6000.00, 6, 120),
(206, 4, 3000.00, 12000.00, 1, 121),
(207, 2, 3000.00, 6000.00, 2, 121),
(208, 7, 3000.00, 21000.00, 3, 122),
(209, 1, 3000.00, 3000.00, 4, 122),
(210, 5, 3000.00, 15000.00, 5, 123),
(211, 2, 3000.00, 6000.00, 6, 123),
(212, 4, 3000.00, 12000.00, 1, 124),
(213, 2, 3000.00, 6000.00, 2, 124),
(214, 6, 3000.00, 18000.00, 3, 125),
(215, 1, 3000.00, 3000.00, 4, 125),
(216, 5, 3000.00, 15000.00, 5, 126),
(217, 2, 3000.00, 6000.00, 6, 126),
(218, 4, 3000.00, 12000.00, 1, 127),
(219, 2, 3000.00, 6000.00, 2, 127),
(220, 7, 3000.00, 21000.00, 3, 128),
(221, 1, 3000.00, 3000.00, 4, 128),
(222, 5, 3000.00, 15000.00, 5, 129),
(223, 2, 3000.00, 6000.00, 6, 129),
(224, 4, 3000.00, 12000.00, 1, 130),
(225, 2, 3000.00, 6000.00, 2, 130),
(226, 6, 3000.00, 18000.00, 3, 131),
(227, 1, 3000.00, 3000.00, 4, 131),
(228, 5, 3000.00, 15000.00, 5, 132),
(229, 2, 3000.00, 6000.00, 6, 132),
(230, 4, 3000.00, 12000.00, 1, 133),
(231, 2, 3000.00, 6000.00, 2, 133),
(232, 7, 3000.00, 21000.00, 3, 134),
(233, 1, 3000.00, 3000.00, 4, 134),
(234, 5, 3000.00, 15000.00, 5, 135),
(235, 2, 3000.00, 6000.00, 6, 135),
(236, 4, 3000.00, 12000.00, 1, 136),
(237, 2, 3000.00, 6000.00, 2, 136),
(238, 6, 3000.00, 18000.00, 3, 137),
(239, 1, 3000.00, 3000.00, 4, 137),
(240, 5, 3000.00, 15000.00, 5, 138),
(241, 2, 3000.00, 6000.00, 6, 138),
(242, 4, 3000.00, 12000.00, 1, 139),
(243, 2, 3000.00, 6000.00, 2, 139),
(244, 7, 3000.00, 21000.00, 3, 140),
(245, 1, 3000.00, 3000.00, 4, 140),
(246, 5, 3000.00, 15000.00, 5, 141),
(247, 2, 3000.00, 6000.00, 6, 141),
(248, 4, 3000.00, 12000.00, 1, 142),
(249, 2, 3000.00, 6000.00, 2, 142),
(250, 6, 3000.00, 18000.00, 3, 143),
(251, 1, 3000.00, 3000.00, 4, 143),
(252, 5, 3000.00, 15000.00, 5, 144),
(253, 2, 3000.00, 6000.00, 6, 144),
(254, 4, 3000.00, 12000.00, 1, 145),
(255, 2, 3000.00, 6000.00, 2, 145),
(256, 7, 3000.00, 21000.00, 3, 146),
(257, 1, 3000.00, 3000.00, 4, 146),
(258, 5, 3000.00, 15000.00, 5, 147),
(259, 2, 3000.00, 6000.00, 6, 147),
(260, 4, 3000.00, 12000.00, 1, 148),
(261, 2, 3000.00, 6000.00, 2, 148),
(262, 6, 3000.00, 18000.00, 3, 149),
(263, 1, 3000.00, 3000.00, 4, 149),
(264, 5, 3000.00, 15000.00, 5, 150),
(265, 2, 3000.00, 6000.00, 6, 150),
(266, 4, 3000.00, 12000.00, 1, 151),
(267, 2, 3000.00, 6000.00, 2, 151),
(268, 7, 3000.00, 21000.00, 3, 152),
(269, 1, 3000.00, 3000.00, 4, 152),
(270, 5, 3000.00, 15000.00, 5, 153),
(271, 2, 3000.00, 6000.00, 6, 153),
(272, 4, 3000.00, 12000.00, 1, 154),
(273, 2, 3000.00, 6000.00, 2, 154),
(274, 6, 3000.00, 18000.00, 3, 155),
(275, 1, 3000.00, 3000.00, 4, 155),
(276, 5, 3000.00, 15000.00, 5, 156),
(277, 2, 3000.00, 6000.00, 6, 156),
(278, 4, 3000.00, 12000.00, 1, 157),
(279, 2, 3000.00, 6000.00, 2, 157),
(280, 7, 3000.00, 21000.00, 3, 158),
(281, 1, 3000.00, 3000.00, 4, 158),
(282, 5, 3000.00, 15000.00, 5, 159),
(283, 2, 3000.00, 6000.00, 6, 159),
(284, 4, 3000.00, 12000.00, 1, 160),
(285, 2, 3000.00, 6000.00, 2, 160),
(286, 6, 3000.00, 18000.00, 3, 161),
(287, 1, 3000.00, 3000.00, 4, 161);

INSERT INTO `auth_permission` (`id`, `name`, `content_type_id`, `codename`) VALUES
(1, 'Can add log entry', 1, 'add_logentry'),
(2, 'Can change log entry', 1, 'change_logentry'),
(3, 'Can delete log entry', 1, 'delete_logentry'),
(4, 'Can view log entry', 1, 'view_logentry'),
(5, 'Can add permission', 2, 'add_permission'),
(6, 'Can change permission', 2, 'change_permission'),
(7, 'Can delete permission', 2, 'delete_permission'),
(8, 'Can view permission', 2, 'view_permission'),
(9, 'Can add group', 3, 'add_group'),
(10, 'Can change group', 3, 'change_group'),
(11, 'Can delete group', 3, 'delete_group'),
(12, 'Can view group', 3, 'view_group'),
(13, 'Can add user', 4, 'add_user'),
(14, 'Can change user', 4, 'change_user'),
(15, 'Can delete user', 4, 'delete_user'),
(16, 'Can view user', 4, 'view_user'),
(17, 'Can add content type', 5, 'add_contenttype'),
(18, 'Can change content type', 5, 'change_contenttype'),
(19, 'Can delete content type', 5, 'delete_contenttype'),
(20, 'Can view content type', 5, 'view_contenttype'),
(21, 'Can add session', 6, 'add_session'),
(22, 'Can change session', 6, 'change_session'),
(23, 'Can delete session', 6, 'delete_session'),
(24, 'Can view session', 6, 'view_session'),
(25, 'Can add pin', 7, 'add_pin'),
(26, 'Can change pin', 7, 'change_pin'),
(27, 'Can delete pin', 7, 'delete_pin'),
(28, 'Can view pin', 7, 'view_pin'),
(29, 'Can add profile', 8, 'add_profile'),
(30, 'Can change profile', 8, 'change_profile'),
(31, 'Can delete profile', 8, 'delete_profile'),
(32, 'Can view profile', 8, 'view_profile'),
(33, 'Can add pedido', 9, 'add_pedido'),
(34, 'Can change pedido', 9, 'change_pedido'),
(35, 'Can delete pedido', 9, 'delete_pedido'),
(36, 'Can view pedido', 9, 'view_pedido'),
(37, 'Can add Proveedor', 10, 'add_proveedor'),
(38, 'Can change Proveedor', 10, 'change_proveedor'),
(39, 'Can delete Proveedor', 10, 'delete_proveedor'),
(40, 'Can view Proveedor', 10, 'view_proveedor'),
(41, 'Can add pedido detalle', 11, 'add_pedidodetalle'),
(42, 'Can change pedido detalle', 11, 'change_pedidodetalle'),
(43, 'Can delete pedido detalle', 11, 'delete_pedidodetalle'),
(44, 'Can view pedido detalle', 11, 'view_pedidodetalle'),
(45, 'Can add venta', 12, 'add_venta'),
(46, 'Can change venta', 12, 'change_venta'),
(47, 'Can delete venta', 12, 'delete_venta'),
(48, 'Can view venta', 12, 'view_venta'),
(49, 'Can add Estadística de Venta', 13, 'add_estadisticaventa'),
(50, 'Can change Estadística de Venta', 13, 'change_estadisticaventa'),
(51, 'Can delete Estadística de Venta', 13, 'delete_estadisticaventa'),
(52, 'Can view Estadística de Venta', 13, 'view_estadisticaventa'),
(53, 'Can add producto', 14, 'add_producto'),
(54, 'Can change producto', 14, 'change_producto'),
(55, 'Can delete producto', 14, 'delete_producto'),
(56, 'Can view producto', 14, 'view_producto'),
(57, 'Can add egreso', 15, 'add_egreso'),
(58, 'Can change egreso', 15, 'change_egreso'),
(59, 'Can delete egreso', 15, 'delete_egreso'),
(60, 'Can view egreso', 15, 'view_egreso'),
(61, 'Can add ingreso', 16, 'add_ingreso'),
(62, 'Can change ingreso', 16, 'change_ingreso'),
(63, 'Can delete ingreso', 16, 'delete_ingreso'),
(64, 'Can view ingreso', 16, 'view_ingreso'),
(65, 'Can add venta', 17, 'add_venta'),
(66, 'Can change venta', 17, 'change_venta'),
(67, 'Can delete venta', 17, 'delete_venta'),
(68, 'Can view venta', 17, 'view_venta'),
(69, 'Can add venta detalle', 18, 'add_ventadetalle'),
(70, 'Can change venta detalle', 18, 'change_ventadetalle'),
(71, 'Can delete venta detalle', 18, 'delete_ventadetalle'),
(72, 'Can view venta detalle', 18, 'view_ventadetalle'),
(73, 'Can add cliente', 19, 'add_cliente'),
(74, 'Can change cliente', 19, 'change_cliente'),
(75, 'Can delete cliente', 19, 'delete_cliente'),
(76, 'Can view cliente', 19, 'view_cliente'),
(77, 'Can add evento', 20, 'add_evento'),
(78, 'Can change evento', 20, 'change_evento'),
(79, 'Can delete evento', 20, 'delete_evento'),
(80, 'Can view evento', 20, 'view_evento'),
(81, 'Can add Predicción de Negocio', 21, 'add_prediccionnegocio'),
(82, 'Can change Predicción de Negocio', 21, 'change_prediccionnegocio'),
(83, 'Can delete Predicción de Negocio', 21, 'delete_prediccionnegocio'),
(84, 'Can view Predicción de Negocio', 21, 'view_prediccionnegocio'),
(85, 'Can add historial prediccion', 22, 'add_historialprediccion'),
(86, 'Can change historial prediccion', 22, 'change_historialprediccion'),
(87, 'Can delete historial prediccion', 22, 'delete_historialprediccion'),
(88, 'Can view historial prediccion', 22, 'view_historialprediccion'),
(89, 'Can add Predicción de Venta', 23, 'add_prediccionventa'),
(90, 'Can change Predicción de Venta', 23, 'change_prediccionventa'),
(91, 'Can delete Predicción de Venta', 23, 'delete_prediccionventa'),
(92, 'Can view Predicción de Venta', 23, 'view_prediccionventa'),
(93, 'Can add Estadística de Venta', 24, 'add_estadisticaventa'),
(94, 'Can change Estadística de Venta', 24, 'change_estadisticaventa'),
(95, 'Can delete Estadística de Venta', 24, 'delete_estadisticaventa'),
(96, 'Can view Estadística de Venta', 24, 'view_estadisticaventa'),
(97, 'Can add SES Stat', 25, 'add_sesstat'),
(98, 'Can change SES Stat', 25, 'change_sesstat'),
(99, 'Can delete SES Stat', 25, 'delete_sesstat'),
(100, 'Can view SES Stat', 25, 'view_sesstat'),
(101, 'Can add blacklisted email', 26, 'add_blacklistedemail'),
(102, 'Can change blacklisted email', 26, 'change_blacklistedemail'),
(103, 'Can delete blacklisted email', 26, 'delete_blacklistedemail'),
(104, 'Can view blacklisted email', 26, 'view_blacklistedemail');


INSERT INTO `auth_user` (`id`, `password`, `last_login`, `is_superuser`, `username`, `first_name`, `last_name`, `email`, `is_staff`, `is_active`, `date_joined`) VALUES
(1, 'pbkdf2_sha256$870000$gYxTfwDY341mrTetw6wEwI$idNNWYwbsNKuF2Sfr1YKVyz2FwcgouQGD3eqVcCTsXs=', '2025-04-27 18:43:03.211260', 1, 'Admin', '', '', 'santiagoproyectosuser5@gmail.com', 1, 1, '2025-04-22 13:02:36.071461'),
(2, 'pbkdf2_sha256$870000$cRtodWLCKjZrCIQfBjGUof$Xw5T1x/Cb3NjZqmfFLEed72tT+/4uV6QWrZwy5ubTh8=', '2025-04-27 18:39:19.279319', 0, 'Juan', '', '', 'esteban202@gmail.com', 0, 1, '2025-04-27 18:12:31.908183');

INSERT INTO `django_session` (`session_key`, `session_data`, `expire_date`) VALUES
('h0qss7uurdplhsyw1psqsp8i9r6qwgws', '.eJxVTUsOwiAQvQvrhgz9kNKle09gDBmGwVZNMYW6Md5darrQ3fu_l7C45tGuiRc7eTEIJapfzSHdeN4Mf8X5EiXFOS-Tk1tE7m6Sx-j5ftizfwMjprG0UfXoWtIGdaObUAdgE8C4vlfQaqrbwB015BwAKAZPvjBmMEAKa-zK6GOJfqUck33ynFEMp3MlvtDmmPFeXkC8P5zZRew:1u970k:18r3t_Ko_WGdd9qj_NIc6Nle-SsxJfe-Qvm-u1t3MoQ', '2025-05-11 18:45:54.550400');
