



--
-- Estructura de tabla para la tabla `app_eventos_evento`
--


-- --------------------------------------------------------

--
-- Estructura de tabla para la tabla `app_finanzas_egreso`
--



--
-- Volcado de datos para la tabla `app_finanzas_egreso`
--

INSERT INTO `app_finanzas_egreso` (`id`, `tipo`, `fecha`, `monto`, `descripcion`, `categoria`, `pedido_id`) VALUES
(1, 'pedido', '2025-05-03 22:34:46.888981', 665820.00, '', 'Pedido', 1),
(2, 'pedido', '2025-05-03 22:45:02.637216', 2804730.00, '', 'Pedido', 2),
(3, 'pedido', '2025-05-03 23:36:40.977642', 2086578.00, '', 'Pedido', 4),
(4, 'pedido', '2025-05-04 00:01:56.459154', 529230.00, '', 'Pedido', 5),
(5, 'pedido', '2025-05-04 00:13:28.953217', 553506.00, '', 'Pedido', 7),
(6, 'pedido', '2025-05-04 00:13:33.999533', 875437.20, '', 'Pedido', 6),
(7, 'pedido', '2025-05-04 00:17:21.120266', 959310.00, '', 'Pedido', 8),
(8, 'pedido', '2025-05-04 00:19:51.018592', 632220.00, '', 'Pedido', 9),
(9, 'pedido', '2025-05-04 00:21:41.855138', 1218988.20, '', 'Pedido', 10),
(10, 'pedido', '2025-05-04 01:57:14.928806', 855030.00, '', 'Pedido', 11),
(11, 'pedido', '2025-05-04 02:01:30.650372', 828018.00, '', 'Pedido', 12),
(12, 'pedido', '2025-05-04 02:06:15.315211', 791016.00, '', 'Pedido', 13),
(13, 'pedido', '2025-05-04 17:13:53.331817', 323519.70, '', 'Pedido', 14),
(14, 'pedido', '2025-05-04 17:13:59.645476', 415380.00, '', 'Pedido', 15),
(15, 'pedido', '2025-05-04 17:14:04.910682', 611040.00, '', 'Pedido', 16),
(16, 'pedido', '2025-05-04 17:14:10.461554', 261576.00, '', 'Pedido', 17),
(17, 'pedido', '2025-05-04 17:14:15.091884', 914232.00, '', 'Pedido', 18),
(18, 'pedido', '2024-03-01 05:00:00.000000', 468093.00, '', 'Pedido', 19),
(19, 'pedido', '2024-03-05 05:00:00.000000', 240210.00, '', 'Pedido', 20),
(20, 'pedido', '2024-03-08 05:00:00.000000', 1044750.00, '', 'Pedido', 22),
(21, 'pedido', '2024-03-12 05:00:00.000000', 843900.00, '', 'Pedido', 23),
(22, 'pedido', '2024-03-15 05:00:00.000000', 331008.00, '', 'Pedido', 24),
(23, 'pedido', '2024-03-19 05:00:00.000000', 730020.00, '', 'Pedido', 25),
(24, 'pedido', '2024-03-22 05:00:00.000000', 718440.00, '', 'Pedido', 26),
(25, 'pedido', '2024-04-02 05:00:00.000000', 315816.00, '', 'Pedido', 27),
(26, 'pedido', '2024-04-05 05:00:00.000000', 246480.00, '', 'Pedido', 28),
(27, 'pedido', '2024-04-05 05:00:00.000000', 376770.00, '', 'Pedido', 29),
(28, 'pedido', '2024-04-09 05:00:00.000000', 362910.00, '', 'Pedido', 30),
(29, 'pedido', '2024-04-12 05:00:00.000000', 555402.00, '', 'Pedido', 31),
(30, 'pedido', '2024-04-16 05:00:00.000000', 493260.00, '', 'Pedido', 32),
(31, 'pedido', '2024-03-19 05:00:00.000000', 626790.00, '', 'Pedido', 33),
(32, 'pedido', '2024-04-23 05:00:00.000000', 919170.00, '', 'Pedido', 34),
(33, 'pedido', '2024-04-26 05:00:00.000000', 572100.00, '', 'Pedido', 35),
(34, 'pedido', '2024-04-30 05:00:00.000000', 639330.00, '', 'Pedido', 36),
(35, 'pedido', '2024-05-03 05:00:00.000000', 865620.00, '', 'Pedido', 38),
(36, 'pedido', '2024-05-07 05:00:00.000000', 272304.00, '', 'Pedido', 39),
(37, 'pedido', '2024-05-10 05:00:00.000000', 463860.00, '', 'Pedido', 40),
(38, 'pedido', '2024-05-14 05:00:00.000000', 581562.00, '', 'Pedido', 41),
(39, 'pedido', '2024-05-17 05:00:00.000000', 611514.00, '', 'Pedido', 42),
(40, 'pedido', '2024-05-21 05:00:00.000000', 818154.00, '', 'Pedido', 43),
(41, 'pedido', '2024-05-24 05:00:00.000000', 876360.00, '', 'Pedido', 44),
(42, 'pedido', '2024-05-28 05:00:00.000000', 784044.00, '', 'Pedido', 45),
(43, 'pedido', '2024-05-31 05:00:00.000000', 779970.00, '', 'Pedido', 46),
(44, 'pedido', '2024-06-04 05:00:00.000000', 928278.00, '', 'Pedido', 47),
(45, 'pedido', '2024-06-07 05:00:00.000000', 640164.00, '', 'Pedido', 48),
(46, 'pedido', '2024-06-11 05:00:00.000000', 1037412.00, '', 'Pedido', 49),
(47, 'pedido', '2024-06-14 05:00:00.000000', 1155090.00, '', 'Pedido', 50),
(48, 'pedido', '2024-06-18 05:00:00.000000', 469290.00, '', 'Pedido', 51),
(49, 'pedido', '2024-06-21 05:00:00.000000', 920406.00, '', 'Pedido', 52),
(50, 'pedido', '2024-06-25 05:00:00.000000', 175500.00, '', 'Pedido', 53),
(51, 'pedido', '2024-06-28 05:00:00.000000', 542790.00, '', 'Pedido', 54),
(52, 'pedido', '2024-07-02 05:00:00.000000', 1079964.00, '', 'Pedido', 55),
(53, 'pedido', '2024-07-05 05:00:00.000000', 770712.00, '', 'Pedido', 56),
(54, 'pedido', '2024-07-09 05:00:00.000000', 656148.00, '', 'Pedido', 57),
(55, 'pedido', '2024-07-12 05:00:00.000000', 476964.00, '', 'Pedido', 58),
(56, 'pedido', '2024-07-16 05:00:00.000000', 780510.00, '', 'Pedido', 59),
(57, 'pedido', '2024-07-19 05:00:00.000000', 819276.00, '', 'Pedido', 60),
(58, 'pedido', '2024-07-23 05:00:00.000000', 390570.00, '', 'Pedido', 61),
(59, 'pedido', '2024-07-26 05:00:00.000000', 1463280.00, '', 'Pedido', 62),
(60, 'pedido', '2024-07-30 05:00:00.000000', 750768.00, '', 'Pedido', 63),
(61, 'pedido', '2024-08-02 05:00:00.000000', 611700.00, '', 'Pedido', 64),
(62, 'pedido', '2024-08-06 05:00:00.000000', 653100.00, '', 'Pedido', 65),
(63, 'pedido', '2024-08-09 05:00:00.000000', 435240.00, '', 'Pedido', 66),
(64, 'pedido', '2024-08-13 05:00:00.000000', 628068.00, '', 'Pedido', 67),
(65, 'pedido', '2024-08-16 05:00:00.000000', 856770.00, '', 'Pedido', 68),
(66, 'pedido', '2024-08-20 05:00:00.000000', 768654.00, '', 'Pedido', 69),
(67, 'pedido', '2024-08-23 05:00:00.000000', 982122.00, '', 'Pedido', 70),
(68, 'pedido', '2024-08-27 05:00:00.000000', 509274.00, '', 'Pedido', 71),
(69, 'pedido', '2024-08-30 05:00:00.000000', 399138.00, '', 'Pedido', 72),
(70, 'pedido', '2024-09-03 05:00:00.000000', 279636.00, '', 'Pedido', 73),
(71, 'pedido', '2024-09-06 05:00:00.000000', 419670.00, '', 'Pedido', 74),
(72, 'pedido', '2024-09-10 05:00:00.000000', 1335198.00, '', 'Pedido', 75),
(73, 'pedido', '2024-09-13 05:00:00.000000', 473778.00, '', 'Pedido', 77),
(74, 'pedido', '2024-09-17 05:00:00.000000', 668778.00, '', 'Pedido', 78),
(75, 'pedido', '2024-09-20 05:00:00.000000', 1198524.00, '', 'Pedido', 79),
(76, 'pedido', '2024-09-24 05:00:00.000000', 1509930.00, '', 'Pedido', 80),
(77, 'pedido', '2024-09-27 05:00:00.000000', 440958.00, '', 'Pedido', 81),
(78, 'pedido', '2024-10-02 05:00:00.000000', 1337340.00, '', 'Pedido', 82),
(79, 'pedido', '2024-10-04 05:00:00.000000', 432090.00, '', 'Pedido', 83),
(80, 'pedido', '2024-10-08 05:00:00.000000', 644940.00, '', 'Pedido', 84),
(81, 'pedido', '2024-10-11 05:00:00.000000', 365748.00, '', 'Pedido', 85),
(82, 'pedido', '2024-10-15 05:00:00.000000', 807960.00, '', 'Pedido', 86),
(83, 'pedido', '2024-10-18 05:00:00.000000', 554670.00, '', 'Pedido', 87),
(84, 'pedido', '2024-10-22 05:00:00.000000', 739560.00, '', 'Pedido', 88),
(85, 'pedido', '2024-10-25 05:00:00.000000', 1069704.00, '', 'Pedido', 89),
(86, 'pedido', '2024-10-29 05:00:00.000000', 725130.00, '', 'Pedido', 90),
(87, 'pedido', '2024-11-01 05:00:00.000000', 728514.00, '', 'Pedido', 91),
(88, 'pedido', '2024-11-05 05:00:00.000000', 1376100.00, '', 'Pedido', 92),
(89, 'pedido', '2024-11-18 05:00:00.000000', 230460.00, '', 'Pedido', 93),
(90, 'pedido', '2024-11-08 05:00:00.000000', 663444.00, '', 'Pedido', 94),
(91, 'pedido', '2024-11-12 05:00:00.000000', 1465710.00, '', 'Pedido', 95),
(92, 'pedido', '2024-11-22 05:00:00.000000', 314880.00, '', 'Pedido', 96),
(93, 'pedido', '2024-11-26 05:00:00.000000', 1283400.00, '', 'Pedido', 97),
(94, 'pedido', '2024-10-29 05:00:00.000000', 836244.00, '', 'Pedido', 98),
(95, 'pedido', '2024-12-03 05:00:00.000000', 953100.00, '', 'Pedido', 99),
(96, 'pedido', '2024-12-06 05:00:00.000000', 543936.00, '', 'Pedido', 100),
(97, 'pedido', '2024-12-10 05:00:00.000000', 894390.00, '', 'Pedido', 101),
(98, 'pedido', '2024-12-13 05:00:00.000000', 247800.00, '', 'Pedido', 102),
(99, 'pedido', '2024-12-17 05:00:00.000000', 895980.00, '', 'Pedido', 103),
(100, 'pedido', '2024-12-24 05:00:00.000000', 563358.00, '', 'Pedido', 105),
(101, 'pedido', '2024-12-20 05:00:00.000000', 1908924.00, '', 'Pedido', 104),
(102, 'pedido', '2024-12-27 05:00:00.000000', 263400.00, '', 'Pedido', 106),
(103, 'pedido', '2025-01-03 05:00:00.000000', 1097928.00, '', 'Pedido', 107),
(104, 'pedido', '2024-01-07 05:00:00.000000', 332718.00, '', 'Pedido', 108),
(105, 'pedido', '2024-01-07 05:00:00.000000', 368460.00, '', 'Pedido', 109),
(106, 'pedido', '2025-01-07 05:00:00.000000', 433956.00, '', 'Pedido', 110),
(107, 'pedido', '2025-01-10 05:00:00.000000', 364680.00, '', 'Pedido', 111),
(108, 'pedido', '2025-01-14 05:00:00.000000', 388506.00, '', 'Pedido', 112),
(109, 'pedido', '2025-01-17 05:00:00.000000', 241200.00, '', 'Pedido', 113),
(110, 'pedido', '2025-01-21 05:00:00.000000', 448080.00, '', 'Pedido', 114),
(111, 'pedido', '2025-01-24 05:00:00.000000', 767316.00, '', 'Pedido', 115),
(112, 'pedido', '2025-01-28 05:00:00.000000', 1407600.00, '', 'Pedido', 116),
(113, 'pedido', '2025-01-31 05:00:00.000000', 605304.00, '', 'Pedido', 117),
(114, 'pedido', '2025-02-04 05:00:00.000000', 493260.00, '', 'Pedido', 118),
(115, 'pedido', '2025-02-07 05:00:00.000000', 749340.00, '', 'Pedido', 119),
(116, 'pedido', '2025-02-14 05:00:00.000000', 709950.00, '', 'Pedido', 120),
(117, 'pedido', '2025-02-18 05:00:00.000000', 654120.00, '', 'Pedido', 121),
(118, 'pedido', '2025-02-21 05:00:00.000000', 775116.00, '', 'Pedido', 122),
(119, 'pedido', '2025-02-28 05:00:00.000000', 240150.00, '', 'Pedido', 124),
(120, 'pedido', '2025-03-04 05:00:00.000000', 1025532.00, '', 'Pedido', 125),
(121, 'pedido', '2025-03-07 05:00:00.000000', 396348.00, '', 'Pedido', 126),
(122, 'pedido', '2025-03-11 05:00:00.000000', 720660.00, '', 'Pedido', 127),
(123, 'pedido', '2025-03-14 05:00:00.000000', 783156.00, '', 'Pedido', 128),
(124, 'pedido', '2025-03-17 05:00:00.000000', 1397208.00, '', 'Pedido', 129),
(125, 'pedido', '2025-03-21 05:00:00.000000', 610056.00, '', 'Pedido', 130),
(126, 'pedido', '2025-03-25 05:00:00.000000', 686850.00, '', 'Pedido', 131),
(127, 'pedido', '2025-03-28 05:00:00.000000', 409386.00, '', 'Pedido', 132),
(128, 'pedido', '2025-04-01 05:00:00.000000', 1177740.00, '', 'Pedido', 133),
(129, 'pedido', '2025-04-04 05:00:00.000000', 813810.00, '', 'Pedido', 134),
(130, 'pedido', '2025-04-08 05:00:00.000000', 1078302.00, '', 'Pedido', 135),
(131, 'pedido', '2025-04-11 05:00:00.000000', 873204.00, '', 'Pedido', 136),
(132, 'pedido', '2025-04-15 05:00:00.000000', 419910.00, '', 'Pedido', 137),
(133, 'pedido', '2025-04-22 05:00:00.000000', 583974.00, '', 'Pedido', 138),
(134, 'pedido', '2025-04-25 05:00:00.000000', 1543110.00, '', 'Pedido', 139),
(135, 'pedido', '2025-04-29 05:00:00.000000', 736620.00, '', 'Pedido', 140),
(136, 'pedido', '2025-05-02 05:00:00.000000', 445920.00, '', 'Pedido', 141),
(137, 'pedido', '2024-02-28 05:00:00.000000', 479970.00, '', 'Pedido', 123),
(138, 'pedido', '2024-01-02 05:00:00.000000', 91245.00, '', 'Pedido', 143),
(139, 'pedido', '2024-01-03 05:00:00.000000', 95490.00, '', 'Pedido', 144),
(140, 'pedido', '2024-01-03 05:00:00.000000', 16000.00, '', 'Pedido', 145),
(141, 'pedido', '2024-02-06 05:00:00.000000', 114366.00, '', 'Pedido', 146),
(142, 'pedido', '2024-04-03 05:00:00.000000', 20892.00, '', 'Pedido', 153),
(143, 'pedido', '2024-04-03 05:00:00.000000', 153960.00, '', 'Pedido', 154),
(144, 'pedido', '2024-04-04 05:00:00.000000', 31914.00, '', 'Pedido', 155),
(145, 'pedido', '2024-03-07 05:00:00.000000', 56000.00, '', 'Pedido', 151),
(146, 'pedido', '2024-03-07 05:00:00.000000', 30960.00, '', 'Pedido', 152),
(147, 'pedido', '2024-03-06 05:00:00.000000', 58572.00, '', 'Pedido', 150),
(148, 'pedido', '2024-02-07 05:00:00.000000', 53784.00, '', 'Pedido', 147),
(149, 'pedido', '2024-02-07 05:00:00.000000', 86490.00, '', 'Pedido', 148),
(150, 'pedido', '2024-02-07 05:00:00.000000', 54990.00, '', 'Pedido', 149),
(151, 'pedido', '2025-05-06 05:00:00.000000', 1453590.00, '', 'Pedido', 142),
(152, 'pedido', '2024-05-03 05:00:00.000000', 179280.00, '', 'Pedido', 157),
(153, 'pedido', '2024-05-03 05:00:00.000000', 126023.00, '', 'Pedido', 158),
(154, 'pedido', '2024-05-02 05:00:00.000000', 105324.00, '', 'Pedido', 156),
(155, 'pedido', '2024-08-07 05:00:00.000000', 182544.00, '', 'Pedido', 164),
(156, 'pedido', '2024-08-07 05:00:00.000000', 18480.00, '', 'Pedido', 165),
(157, 'pedido', '2024-08-07 05:00:00.000000', 120228.00, '', 'Pedido', 166),
(158, 'pedido', '2024-07-04 05:00:00.000000', 119532.00, '', 'Pedido', 163),
(159, 'pedido', '2024-07-03 05:00:00.000000', 150576.00, '', 'Pedido', 161),
(160, 'pedido', '2024-07-03 05:00:00.000000', 233748.00, '', 'Pedido', 162),
(161, 'pedido', '2024-06-06 05:00:00.000000', 83460.00, '', 'Pedido', 160),
(162, 'pedido', '2024-06-05 05:00:00.000000', 157608.00, '', 'Pedido', 159),
(163, 'pedido', '2024-12-03 05:00:00.000000', 23496.00, '', 'Pedido', 175),
(164, 'pedido', '2024-11-07 05:00:00.000000', 44604.00, '', 'Pedido', 173),
(165, 'pedido', '2024-11-07 05:00:00.000000', 27016.00, '', 'Pedido', 174),
(166, 'pedido', '2024-11-06 05:00:00.000000', 76248.00, '', 'Pedido', 172),
(167, 'pedido', '2024-10-03 05:00:00.000000', 43260.00, '', 'Pedido', 170),
(168, 'pedido', '2024-10-03 05:00:00.000000', 64056.00, '', 'Pedido', 171),
(169, 'pedido', '2024-09-07 05:00:00.000000', 279750.00, '', 'Pedido', 168),
(170, 'pedido', '2024-09-04 05:00:00.000000', 198598.00, '', 'Pedido', 167),
(171, 'pedido', '2024-02-02 05:00:00.000000', 169032.00, '', 'Pedido', 169),
(172, 'pedido', '2024-12-03 05:00:00.000000', 76509.00, '', 'Pedido', 177),
(173, 'pedido', '2025-02-05 05:00:00.000000', 76452.00, '', 'Pedido', 180),
(174, 'pedido', '2025-01-09 05:00:00.000000', 169440.00, '', 'Pedido', 179),
(175, 'pedido', '2025-01-08 05:00:00.000000', 86304.00, '', 'Pedido', 178),
(176, 'pedido', '2024-12-03 05:00:00.000000', 134550.00, '', 'Pedido', 176),
(177, 'pedido', '2025-04-08 05:00:00.000000', 109800.00, '', 'Pedido', 184),
(178, 'pedido', '2025-04-08 05:00:00.000000', 109332.00, '', 'Pedido', 185),
(179, 'pedido', '2025-03-05 05:00:00.000000', 56328.00, '', 'Pedido', 181),
(180, 'pedido', '2025-03-06 05:00:00.000000', 51384.00, '', 'Pedido', 183),
(181, 'pedido', '2025-03-06 05:00:00.000000', 28760.00, '', 'Pedido', 182);

-- --------------------------------------------------------

--
-- Estructura de tabla para la tabla `app_finanzas_ingreso`
--



--
-- Volcado de datos para la tabla `app_finanzas_ingreso`
--

INSERT INTO `app_finanzas_ingreso` (`id`, `fecha`, `monto`, `descripcion`, `venta_id`, `tipo`) VALUES
(9, '2024-01-27 02:00:00.000000', 2627700.00, 'Ingreso por Venta ID 9', 9, 'venta'),
(10, '2024-02-24 02:00:00.000000', 2450000.00, 'Ingreso por Venta ID 10', 10, 'venta'),
(11, '2024-03-27 02:00:00.000000', 2378200.00, 'Ingreso por Venta ID 11', 11, 'venta'),
(12, '2024-04-25 02:00:00.000000', 2186000.00, 'Ingreso por Venta ID 12', 12, 'venta'),
(13, '2024-06-01 02:00:00.000000', 1383400.00, 'Ingreso por Venta ID 13', 13, 'venta'),
(14, '2024-06-29 02:00:00.000000', 2160000.00, 'Ingreso por Venta ID 14', 14, 'venta'),
(15, '2024-07-27 02:00:00.000000', 1864900.00, 'Ingreso por Venta ID 15', 15, 'venta'),
(16, '2024-08-31 02:00:00.000000', 1549500.00, 'Ingreso por Venta ID 16', 16, 'venta'),
(17, '2024-09-28 02:00:00.000000', 1685000.00, 'Ingreso por Venta ID 17', 17, 'venta'),
(18, '2024-10-05 02:00:00.000000', 1009000.00, 'Ingreso por Venta ID 18', 18, 'venta'),
(19, '2024-10-12 02:00:00.000000', 606900.00, 'Ingreso por Venta ID 19', 19, 'venta'),
(20, '2024-10-19 02:00:00.000000', 586000.00, 'Ingreso por Venta ID 20', 20, 'venta'),
(21, '2024-10-26 02:00:00.000000', 759000.00, 'Ingreso por Venta ID 21', 21, 'venta'),
(22, '2024-11-02 02:00:00.000000', 609000.00, 'Ingreso por Venta ID 22', 22, 'venta'),
(23, '2024-11-09 02:00:00.000000', 564600.00, 'Ingreso por Venta ID 23', 23, 'venta'),
(24, '2024-11-16 02:00:00.000000', 554600.00, 'Ingreso por Venta ID 24', 24, 'venta'),
(25, '2024-11-23 02:00:00.000000', 734000.00, 'Ingreso por Venta ID 25', 25, 'venta'),
(26, '2024-11-30 02:00:00.000000', 468200.00, 'Ingreso por Venta ID 26', 26, 'venta'),
(27, '2024-12-06 00:26:30.315423', 912400.00, 'Ingreso por Venta ID 27', 27, 'venta'),
(28, '2023-12-13 00:37:45.748585', 793000.00, 'Ingreso por Venta ID 28', 28, 'venta'),
(29, '2024-12-21 00:00:00.000000', 3758000.00, 'Ingreso por Venta ID 29', 29, 'venta'),
(30, '2024-12-28 00:00:00.000000', 4008400.00, 'Ingreso por Venta ID 30', 30, 'venta'),
(31, '2025-01-04 02:00:00.000000', 1841800.00, 'Ingreso por Venta ID 31', 31, 'venta'),
(32, '2025-01-11 02:00:00.000000', 861000.00, 'Ingreso por Venta ID 32', 32, 'venta'),
(33, '2024-01-18 02:00:00.000000', 800000.00, 'Ingreso por Venta ID 33', 33, 'venta'),
(34, '2024-01-25 02:00:00.000000', 1379000.00, 'Ingreso por Venta ID 34', 34, 'venta'),
(35, '2025-01-18 02:00:00.000000', 1553200.00, 'Ingreso por Venta ID 35', 35, 'venta'),
(36, '2025-01-21 02:00:00.000000', 2066000.00, 'Ingreso por Venta ID 36', 36, 'venta'),
(37, '2025-02-01 02:00:00.000000', 1560000.00, 'Ingreso por Venta ID 37', 37, 'venta'),
(38, '2025-02-08 02:00:00.000000', 1360000.00, 'Ingreso por Venta ID 38', 38, 'venta'),
(39, '2025-02-15 02:00:00.000000', 850000.00, 'Ingreso por Venta ID 39', 39, 'venta'),
(40, '2025-02-22 02:00:00.000000', 1067000.00, 'Ingreso por Venta ID 40', 40, 'venta'),
(41, '2025-03-01 02:00:00.000000', 925000.00, 'Ingreso por Venta ID 41', 41, 'venta'),
(42, '2025-03-08 02:00:00.000000', 794000.00, 'Ingreso por Venta ID 42', 42, 'venta'),
(45, '2025-03-15 02:00:00.000000', 960800.00, 'Ingreso por Venta ID 45', 45, 'venta'),
(46, '2025-03-22 02:00:00.000000', 1030000.00, 'Ingreso por Venta ID 46', 46, 'venta'),
(47, '2025-03-29 02:00:00.000000', 986000.00, 'Ingreso por Venta ID 47', 47, 'venta'),
(48, '2025-04-05 02:00:00.000000', 1118000.00, 'Ingreso por Venta ID 48', 48, 'venta'),
(49, '2025-04-12 02:00:00.000000', 1184100.00, 'Ingreso por Venta ID 49', 49, 'venta'),
(50, '2025-04-26 02:00:00.000000', 891000.00, 'Ingreso por Venta ID 50', 50, 'venta'),
(51, '2025-05-04 02:00:00.000000', 1294500.00, 'Ingreso por Venta ID 51', 51, 'venta'),
(52, '2025-05-05 02:00:00.000000', 980000.00, 'Ingreso por Venta ID 52', 52, 'venta'),
(53, '2025-05-06 02:00:00.000000', 1380000.00, 'Ingreso por Venta ID 53', 53, 'venta');

-- --------------------------------------------------------

--
-- Estructura de tabla para la tabla `app_inventario_producto`
--


--
-- Volcado de datos para la tabla `app_inventario_producto`
--

INSERT INTO `app_inventario_producto` (`id`, `nombre`, `descripcion`, `precio`, `cantidad_stock`, `stock_minimo`) VALUES
(2, 'Aguila Original Botella', 'Aguila Original Botella 330 ml', 3000.00, 8808, 30),
(3, 'Poker Botella', 'Poker Botella 330 ml', 3000.00, 2790, 30),
(4, 'budweiser botella', 'budweiser botella', 3000.00, 2381, 6),
(5, 'Costeña Bacana Botella', 'Costeña Bacana Botella 330 ml', 3000.00, 2038, 30),
(6, 'Coronita', 'Coronita botella 210 ml', 4000.00, 2568, 6),
(7, 'Corona', 'Corona Botella 355 ml', 5000.00, 1848, 6),
(8, 'Coca Cola botella', 'Coca Cola botella 500 ml', 3200.00, 48, 24),
(9, 'Coca Cola  1.5', 'Coca Cola  1,5 l', 6000.00, 26, 3),
(10, 'Colombia', 'Colombia 330 ml', 3000.00, 20, 15),
(11, 'Colombia 1.5', 'Colombia 1.5 l', 5000.00, 43, 3),
(12, 'Manzana', 'Manzana 330 ml', 3000.00, 39, 15),
(13, 'Jugo Hit Mango', 'Jugo Hit Mango', 2600.00, 3, 6),
(14, 'Jugo Hit Mora', 'Jugo Hit Mora', 2600.00, 21, 6),
(15, 'Jugo Hit Piña naranja', 'Jugo Hit Piña Naranja', 2600.00, 23, 6),
(16, 'Gatorade Tropical', 'Gatorade Tropical', 3200.00, 46, 6),
(17, 'Gatorade Maracuya', 'Gatorade Maracuya', 3200.00, 53, 6),
(18, 'Chirricos natura', 'Chirricos natura', 1500.00, 46, 6),
(19, 'Chirricos BBQ', 'Chirricos BBQ', 1500.00, 42, 6),
(20, 'Papas Pollo', 'Papas Pollo', 1800.00, 111, 12),
(21, 'Todo Rico BBQ', 'Todo Rico BBQ', 3000.00, 53, 8),
(22, 'Todo Rico NATURAL', 'Todo Rico NATURAL', 3000.00, 35, 8),
(23, 'Todo Rico CRIOLLO', 'Todo Rico CRIOLLO', 3200.00, 49, 8),
(24, 'Chocorramo', 'Chocorramo', 2500.00, 52, 5),
(25, 'Brazo de reina', 'Brazo de reina', 2000.00, 134, 10),
(26, 'Paquete de pan', 'Paquete de pan', 2000.00, 10, 3),
(27, 'trozo de salchichon', 'trozo de salchichon una linea', 300.00, 88, 10),
(28, 'Matecada', 'Matecada', 2000.00, 62, 10),
(29, 'Chicharron paquete natural', 'Chicharron paquete natural', 2000.00, 48, 6),
(30, 'Chicharron paquete BBQ', 'Chicharron paquete BBQ', 2000.00, 47, 6),
(31, 'bon bon bum', 'Bon Bon Bum', 500.00, 54, 24),
(32, 'Aguila Ligth Botella', 'Aguila Ligth Botella 330 ml', 3000.00, 4308, 30),
(33, 'Galletas festival', 'Galletas festival', 1600.00, 66, 16),
(34, 'Bocadillo', 'Bocadillo', 1000.00, 55, 12),
(35, 'Cigarrillo lucky', 'Cigarrillo Lucky por unidad', 1200.00, 63, 10),
(36, 'Cigarrillo mustang', 'Cigarrillo mustang', 1000.00, 83, 10),
(37, 'Pony Malta', 'Pony Malta 330 ml', 3000.00, 3555, 30);

-- --------------------------------------------------------

--
-- Estructura de tabla para la tabla `app_pedidos_pedido`
--


--
-- Volcado de datos para la tabla `app_pedidos_pedido`
--

INSERT INTO `app_pedidos_pedido` (`id`, `fecha_pedido`, `estado`, `proveedor_id`, `observaciones`) VALUES
(1, '2024-01-04', 'recibido', 1, ''),
(2, '2024-01-06', 'recibido', 1, ''),
(4, '2024-01-09', 'recibido', 1, ''),
(5, '2024-01-12', 'recibido', 1, ''),
(6, '2024-01-16', 'recibido', 1, ''),
(7, '2024-01-19', 'recibido', 1, ''),
(8, '2024-01-23', 'recibido', 1, ''),
(9, '2024-01-26', 'recibido', 1, ''),
(10, '2024-01-30', 'recibido', 1, ''),
(11, '2024-02-02', 'recibido', 1, ''),
(12, '2024-02-06', 'recibido', 1, ''),
(13, '2024-02-09', 'recibido', 1, ''),
(14, '2024-02-13', 'recibido', 1, ''),
(15, '2024-02-16', 'recibido', 1, ''),
(16, '2024-02-20', 'recibido', 1, ''),
(17, '2024-02-23', 'recibido', 1, ''),
(18, '2024-02-27', 'recibido', 1, ''),
(19, '2024-03-01', 'recibido', 1, ''),
(20, '2024-03-05', 'recibido', 1, ''),
(22, '2024-03-08', 'recibido', 1, ''),
(23, '2024-03-12', 'recibido', 1, ''),
(24, '2024-03-15', 'recibido', 1, ''),
(25, '2024-03-19', 'recibido', 1, ''),
(26, '2024-03-22', 'recibido', 1, ''),
(27, '2024-04-02', 'recibido', 1, ''),
(28, '2024-04-05', 'recibido', 1, ''),
(29, '2024-04-05', 'recibido', 1, ''),
(30, '2024-04-09', 'recibido', 1, ''),
(31, '2024-04-12', 'recibido', 1, ''),
(32, '2024-04-16', 'recibido', 1, ''),
(33, '2024-04-19', 'recibido', 1, ''),
(34, '2024-04-23', 'recibido', 1, ''),
(35, '2024-04-26', 'recibido', 1, ''),
(36, '2024-04-30', 'recibido', 1, ''),
(38, '2024-05-03', 'recibido', 1, ''),
(39, '2024-05-07', 'recibido', 1, ''),
(40, '2024-05-10', 'recibido', 1, ''),
(41, '2024-05-14', 'recibido', 1, ''),
(42, '2024-05-17', 'recibido', 1, ''),
(43, '2024-05-21', 'recibido', 1, ''),
(44, '2024-05-24', 'recibido', 1, ''),
(45, '2024-05-28', 'recibido', 1, ''),
(46, '2024-05-31', 'recibido', 1, ''),
(47, '2024-06-04', 'recibido', 1, ''),
(48, '2024-06-07', 'recibido', 1, ''),
(49, '2024-06-11', 'recibido', 1, ''),
(50, '2024-06-14', 'recibido', 1, ''),
(51, '2024-06-18', 'recibido', 1, ''),
(52, '2024-06-21', 'recibido', 1, ''),
(53, '2024-06-25', 'recibido', 1, ''),
(54, '2024-06-28', 'recibido', 1, ''),
(55, '2024-07-02', 'recibido', 1, ''),
(56, '2024-07-05', 'recibido', 1, ''),
(57, '2024-07-09', 'recibido', 1, ''),
(58, '2024-07-12', 'recibido', 1, ''),
(59, '2024-07-16', 'recibido', 1, ''),
(60, '2024-07-19', 'recibido', 1, ''),
(61, '2024-07-23', 'recibido', 1, ''),
(62, '2024-07-26', 'recibido', 1, ''),
(63, '2024-07-30', 'recibido', 1, ''),
(64, '2024-08-02', 'recibido', 1, ''),
(65, '2024-08-06', 'recibido', 1, ''),
(66, '2024-08-09', 'recibido', 1, ''),
(67, '2024-08-13', 'recibido', 1, ''),
(68, '2024-08-16', 'recibido', 1, ''),
(69, '2024-08-20', 'recibido', 1, ''),
(70, '2024-08-23', 'recibido', 1, ''),
(71, '2024-08-27', 'recibido', 1, ''),
(72, '2024-08-30', 'recibido', 1, ''),
(73, '2024-09-03', 'recibido', 1, ''),
(74, '2024-09-06', 'recibido', 1, ''),
(75, '2024-09-10', 'recibido', 1, ''),
(77, '2024-09-13', 'recibido', 1, ''),
(78, '2024-09-17', 'recibido', 1, ''),
(79, '2024-09-20', 'recibido', 1, ''),
(80, '2024-09-24', 'recibido', 1, ''),
(81, '2024-09-27', 'recibido', 1, ''),
(82, '2024-10-02', 'recibido', 1, ''),
(83, '2024-10-04', 'recibido', 1, ''),
(84, '2024-10-08', 'recibido', 1, ''),
(85, '2024-10-11', 'recibido', 1, ''),
(86, '2024-10-15', 'recibido', 1, ''),
(87, '2024-10-18', 'recibido', 1, ''),
(88, '2024-10-22', 'recibido', 1, ''),
(89, '2024-10-25', 'recibido', 1, ''),
(90, '2024-10-29', 'recibido', 1, ''),
(91, '2024-11-01', 'recibido', 1, ''),
(92, '2024-11-05', 'recibido', 1, ''),
(93, '2024-11-18', 'recibido', 1, ''),
(94, '2024-11-08', 'recibido', 1, ''),
(95, '2024-11-12', 'recibido', 1, ''),
(96, '2024-11-22', 'recibido', 1, ''),
(97, '2024-11-26', 'recibido', 1, ''),
(98, '2024-10-29', 'recibido', 1, ''),
(99, '2024-12-03', 'recibido', 1, ''),
(100, '2024-12-06', 'recibido', 1, ''),
(101, '2024-12-10', 'recibido', 1, ''),
(102, '2024-12-13', 'recibido', 1, ''),
(103, '2024-12-17', 'recibido', 1, ''),
(104, '2024-12-20', 'recibido', 1, ''),
(105, '2024-12-24', 'recibido', 1, ''),
(106, '2024-12-27', 'recibido', 1, ''),
(107, '2025-01-03', 'recibido', 1, ''),
(108, '2024-01-07', 'recibido', 1, ''),
(109, '2024-01-07', 'recibido', 1, ''),
(110, '2025-01-07', 'recibido', 1, ''),
(111, '2025-01-10', 'recibido', 1, ''),
(112, '2025-01-14', 'recibido', 1, ''),
(113, '2025-01-17', 'recibido', 1, ''),
(114, '2025-01-21', 'recibido', 1, ''),
(115, '2025-01-24', 'recibido', 1, ''),
(116, '2025-01-28', 'recibido', 1, ''),
(117, '2025-01-31', 'recibido', 1, ''),
(118, '2025-02-04', 'recibido', 1, ''),
(119, '2025-02-07', 'recibido', 1, ''),
(120, '2025-02-14', 'recibido', 1, ''),
(121, '2025-02-18', 'recibido', 1, ''),
(122, '2025-02-21', 'recibido', 1, ''),
(123, '2024-02-28', 'recibido', 1, ''),
(124, '2025-02-28', 'recibido', 1, ''),
(125, '2025-03-04', 'recibido', 1, ''),
(126, '2025-03-07', 'recibido', 1, ''),
(127, '2025-03-11', 'recibido', 1, ''),
(128, '2025-03-14', 'recibido', 1, ''),
(129, '2025-03-17', 'recibido', 1, ''),
(130, '2025-03-21', 'recibido', 1, ''),
(131, '2025-03-25', 'recibido', 1, ''),
(132, '2025-03-28', 'recibido', 1, ''),
(133, '2025-04-01', 'recibido', 1, ''),
(134, '2025-04-04', 'recibido', 1, ''),
(135, '2025-04-08', 'recibido', 1, ''),
(136, '2025-04-11', 'recibido', 1, ''),
(137, '2025-04-15', 'recibido', 1, ''),
(138, '2025-04-22', 'recibido', 1, ''),
(139, '2025-04-25', 'recibido', 1, ''),
(140, '2025-04-29', 'recibido', 1, ''),
(141, '2025-05-02', 'recibido', 1, ''),
(142, '2025-05-06', 'recibido', 1, ''),
(143, '2024-01-02', 'recibido', 3, ''),
(144, '2024-01-03', 'recibido', 4, ''),
(145, '2024-01-03', 'recibido', 5, ''),
(146, '2024-02-06', 'recibido', 4, ''),
(147, '2024-02-07', 'recibido', 2, ''),
(148, '2024-02-07', 'recibido', 3, ''),
(149, '2024-02-07', 'recibido', 6, ''),
(150, '2024-03-06', 'recibido', 4, ''),
(151, '2024-03-07', 'recibido', 5, ''),
(152, '2024-03-07', 'recibido', 2, ''),
(153, '2024-04-03', 'recibido', 4, ''),
(154, '2024-04-03', 'recibido', 2, ''),
(155, '2024-04-04', 'recibido', 2, ''),
(156, '2024-05-02', 'recibido', 6, ''),
(157, '2024-05-03', 'recibido', 3, ''),
(158, '2024-05-03', 'recibido', 2, ''),
(159, '2024-06-05', 'recibido', 3, ''),
(160, '2024-06-06', 'recibido', 2, ''),
(161, '2024-07-03', 'recibido', 6, ''),
(162, '2024-07-03', 'recibido', 3, ''),
(163, '2024-07-04', 'recibido', 4, ''),
(164, '2024-08-07', 'recibido', 4, ''),
(165, '2024-08-07', 'recibido', 5, ''),
(166, '2024-08-07', 'recibido', 3, ''),
(167, '2024-09-04', 'recibido', 4, ''),
(168, '2024-09-07', 'recibido', 3, ''),
(169, '2024-02-02', 'recibido', 6, ''),
(170, '2024-10-03', 'recibido', 5, ''),
(171, '2024-10-03', 'recibido', 2, ''),
(172, '2024-11-06', 'recibido', 3, ''),
(173, '2024-11-07', 'recibido', 4, ''),
(174, '2024-11-07', 'recibido', 2, ''),
(175, '2024-12-03', 'recibido', 2, ''),
(176, '2024-12-03', 'recibido', 4, ''),
(177, '2024-12-03', 'recibido', 2, ''),
(178, '2025-01-08', 'recibido', 2, ''),
(179, '2025-01-09', 'recibido', 6, ''),
(180, '2025-02-05', 'recibido', 2, ''),
(181, '2025-03-05', 'recibido', 4, ''),
(182, '2025-03-06', 'recibido', 5, ''),
(183, '2025-03-06', 'recibido', 3, ''),
(184, '2025-04-08', 'recibido', 6, ''),
(185, '2025-04-08', 'recibido', 4, ''),
(186, '2025-05-06', 'pedido', 6, '');

-- --------------------------------------------------------

--
-- Estructura de tabla para la tabla `app_pedidos_pedidodetalle`
--



--
-- Volcado de datos para la tabla `app_pedidos_pedidodetalle`
--

INSERT INTO `app_pedidos_pedidodetalle` (`id`, `cantidad`, `costo_unitario`, `pedido_id`, `producto_id`) VALUES
(1, 60, 2777.00, 1, 3),
(2, 240, 2080.00, 1, 2),
(3, 180, 2017.00, 2, 2),
(4, 30, 1931.00, 2, 37),
(5, 240, 1946.00, 2, 3),
(6, 870, 2029.00, 2, 2),
(7, 90, 1683.00, 2, 5),
(8, 120, 2016.00, 4, 2),
(9, 30, 1931.00, 4, 37),
(10, 60, 1946.00, 4, 3),
(11, 690, 2017.00, 4, 2),
(12, 48, 2641.00, 4, 4),
(13, 90, 1683.00, 4, 5),
(14, 60, 2017.00, 5, 2),
(15, 30, 1931.00, 5, 37),
(16, 180, 1946.00, 5, 3),
(17, 30, 2016.00, 6, 32),
(18, 144, 2479.00, 6, 6),
(19, 90, 2641.00, 6, 4),
(20, 60, 2830.02, 6, 7),
(21, 30, 1683.00, 6, 5),
(22, 120, 2017.00, 7, 2),
(23, 30, 1931.00, 7, 37),
(24, 96, 2641.00, 7, 4),
(25, 180, 2641.00, 8, 4),
(26, 90, 2017.00, 8, 2),
(27, 150, 2016.00, 8, 32),
(28, 120, 1931.00, 9, 37),
(29, 120, 2017.00, 9, 2),
(30, 60, 2641.00, 9, 4),
(31, 120, 2830.00, 10, 7),
(32, 180, 1930.99, 10, 37),
(33, 90, 2017.00, 10, 2),
(34, 180, 1946.00, 10, 3),
(35, 60, 1951.00, 11, 37),
(36, 120, 2669.00, 11, 4),
(37, 30, 1701.00, 11, 5),
(38, 180, 2037.00, 11, 32),
(39, 150, 1951.00, 12, 37),
(40, 72, 2669.00, 12, 4),
(41, 120, 2860.00, 12, 7),
(42, 144, 2669.00, 13, 4),
(43, 30, 1967.00, 13, 3),
(44, 90, 2505.00, 13, 6),
(45, 60, 2037.00, 13, 32),
(46, 30, 2038.00, 14, 2),
(47, 12, 2860.00, 14, 7),
(48, 30, 1700.99, 14, 5),
(49, 90, 1967.00, 14, 3),
(50, 30, 2037.00, 15, 32),
(51, 30, 1967.00, 15, 3),
(52, 30, 2038.00, 15, 2),
(53, 120, 1951.00, 15, 2),
(54, 16, 2505.00, 16, 6),
(55, 180, 2038.00, 16, 2),
(56, 120, 1701.00, 16, 5),
(57, 24, 2669.00, 17, 4),
(58, 60, 1701.00, 17, 5),
(59, 12, 2860.00, 17, 7),
(60, 30, 2038.00, 17, 2),
(61, 48, 2669.00, 18, 4),
(62, 120, 1967.00, 18, 3),
(63, 90, 2038.00, 18, 2),
(64, 180, 2037.00, 18, 32),
(65, 5, 2505.00, 19, 7),
(66, 30, 1967.00, 19, 3),
(67, 6, 2037.00, 19, 32),
(68, 144, 2669.00, 19, 4),
(69, 90, 2669.00, 20, 4),
(70, 90, 2505.00, 22, 6),
(71, 180, 2860.00, 22, 7),
(72, 150, 2030.00, 22, 32),
(73, 60, 2659.00, 23, 5),
(74, 120, 1959.00, 23, 3),
(75, 180, 2496.00, 23, 6),
(76, 12, 2849.00, 24, 7),
(77, 60, 2031.00, 24, 2),
(78, 90, 1944.00, 24, 37),
(79, 90, 2496.00, 25, 7),
(80, 30, 2030.00, 25, 2),
(81, 90, 1959.00, 25, 3),
(82, 90, 2030.00, 25, 32),
(83, 30, 2849.00, 25, 6),
(84, 30, 1959.00, 26, 3),
(85, 120, 2030.00, 26, 32),
(86, 120, 1944.00, 26, 37),
(87, 90, 2031.00, 26, 2),
(88, 48, 2882.00, 27, 7),
(89, 30, 1982.00, 27, 3),
(90, 60, 1967.00, 27, 37),
(91, 120, 2054.00, 28, 2),
(92, 30, 1714.00, 29, 5),
(93, 30, 1967.00, 29, 32),
(94, 12, 2525.00, 29, 6),
(95, 120, 1967.00, 29, 37),
(96, 30, 1982.00, 30, 3),
(97, 60, 2054.00, 30, 2),
(98, 30, 1967.00, 30, 37),
(99, 48, 2525.00, 30, 6),
(100, 30, 2053.00, 31, 32),
(101, 96, 2882.00, 31, 7),
(102, 90, 2054.00, 31, 2),
(103, 12, 2690.00, 31, 4),
(104, 24, 2690.00, 32, 4),
(105, 30, 1967.00, 32, 37),
(106, 150, 2054.00, 32, 2),
(107, 30, 2053.00, 32, 32),
(108, 120, 2690.00, 33, 4),
(109, 30, 2053.00, 33, 32),
(110, 96, 2525.00, 33, 7),
(111, 180, 2053.00, 34, 32),
(112, 24, 2525.00, 34, 6),
(113, 180, 1714.00, 34, 5),
(114, 60, 1982.00, 34, 3),
(115, 30, 2053.00, 34, 37),
(116, 30, 1982.00, 35, 3),
(117, 30, 2882.00, 35, 7),
(118, 120, 2525.00, 35, 6),
(119, 60, 2053.00, 35, 32),
(120, 180, 2525.00, 36, 6),
(121, 30, 2053.00, 36, 32),
(122, 60, 2054.00, 36, 2),
(123, 120, 2511.00, 38, 6),
(124, 90, 1956.00, 38, 37),
(125, 30, 1704.00, 38, 5),
(126, 90, 1704.00, 38, 7),
(127, 90, 2042.00, 38, 32),
(128, 90, 1704.00, 39, 5),
(129, 30, 1956.00, 39, 37),
(130, 24, 2511.00, 39, 6),
(131, 30, 2042.00, 40, 32),
(132, 30, 1956.00, 40, 37),
(133, 120, 2866.00, 40, 7),
(134, 90, 2675.00, 41, 4),
(135, 30, 2042.00, 41, 32),
(136, 120, 2043.00, 41, 2),
(137, 12, 2866.00, 41, 7),
(138, 150, 1704.00, 42, 5),
(139, 150, 1971.00, 42, 3),
(140, 24, 2511.00, 42, 6),
(141, 144, 2866.00, 43, 7),
(142, 30, 1956.00, 43, 37),
(143, 30, 1704.00, 43, 5),
(144, 150, 1971.00, 43, 3),
(145, 150, 2043.00, 44, 2),
(146, 120, 2866.00, 44, 7),
(147, 90, 2511.00, 44, 6),
(148, 90, 2675.00, 45, 4),
(149, 144, 2511.00, 45, 6),
(150, 60, 2043.00, 45, 2),
(151, 30, 1971.00, 45, 3),
(152, 48, 2675.00, 46, 4),
(153, 120, 2043.00, 46, 2),
(154, 120, 2042.00, 46, 32),
(155, 30, 1971.00, 46, 3),
(156, 60, 1704.00, 46, 5),
(157, 24, 2897.00, 47, 7),
(158, 30, 2537.00, 47, 6),
(159, 120, 2064.00, 47, 2),
(160, 180, 1976.00, 47, 37),
(161, 90, 1992.00, 47, 3),
(162, 30, 1723.00, 48, 5),
(163, 30, 2703.00, 48, 4),
(164, 72, 2897.00, 48, 7),
(165, 150, 1992.00, 48, 3),
(166, 30, 1992.00, 49, 3),
(167, 96, 2537.00, 49, 6),
(168, 120, 2063.00, 49, 32),
(169, 180, 2703.00, 49, 4),
(170, 24, 2703.00, 50, 4),
(171, 180, 1976.00, 50, 37),
(172, 30, 1992.00, 50, 3),
(173, 144, 2537.00, 50, 6),
(174, 150, 2063.00, 50, 32),
(175, 180, 1976.00, 51, 37),
(176, 30, 1723.00, 51, 5),
(177, 30, 2064.00, 51, 2),
(178, 30, 1976.00, 52, 37),
(179, 30, 2063.00, 52, 32),
(180, 180, 2537.00, 52, 6),
(181, 12, 2703.00, 52, 4),
(182, 180, 1723.00, 52, 5),
(183, 30, 2063.00, 53, 32),
(184, 30, 2064.00, 53, 2),
(185, 30, 1723.00, 53, 5),
(186, 90, 1992.00, 54, 3),
(187, 90, 1976.00, 54, 37),
(188, 90, 2063.00, 54, 32),
(189, 30, 1980.00, 55, 3),
(190, 12, 2522.00, 55, 6),
(191, 180, 2879.00, 55, 7),
(192, 60, 1712.00, 55, 5),
(193, 180, 2052.00, 55, 2),
(194, 90, 1964.00, 56, 37),
(195, 90, 2052.00, 56, 2),
(196, 60, 2522.00, 56, 6),
(197, 96, 2687.00, 56, 4),
(198, 60, 2051.00, 57, 37),
(199, 48, 2522.00, 57, 6),
(200, 96, 2687.00, 57, 4),
(201, 90, 1712.00, 57, 5),
(202, 30, 1980.00, 58, 3),
(203, 72, 2687.00, 58, 4),
(204, 60, 2879.00, 58, 7),
(205, 30, 1712.00, 58, 5),
(206, 30, 1964.00, 59, 37),
(207, 90, 2879.00, 59, 7),
(208, 90, 1980.00, 59, 3),
(209, 60, 2687.00, 59, 5),
(210, 60, 2051.00, 59, 32),
(211, 90, 2522.00, 60, 6),
(212, 30, 1964.00, 60, 37),
(213, 144, 2879.00, 60, 7),
(214, 60, 1980.00, 60, 3),
(215, 60, 2522.00, 61, 6),
(216, 30, 2051.00, 61, 32),
(217, 60, 1980.00, 61, 3),
(218, 30, 1964.00, 61, 37),
(219, 150, 2052.00, 62, 2),
(220, 180, 2051.00, 62, 32),
(221, 120, 2522.00, 62, 6),
(222, 180, 2687.00, 62, 4),
(223, 24, 2687.00, 63, 4),
(224, 90, 1980.00, 63, 3),
(225, 120, 2522.00, 63, 6),
(226, 120, 1712.00, 63, 5),
(227, 30, 2000.00, 64, 3),
(228, 180, 2073.00, 64, 2),
(229, 90, 1984.00, 64, 37),
(230, 90, 1729.00, 65, 5),
(231, 30, 2072.00, 65, 32),
(232, 210, 2073.00, 65, 2),
(233, 90, 2072.00, 66, 32),
(234, 120, 2073.00, 66, 2),
(235, 72, 2714.00, 67, 4),
(236, 30, 1984.00, 67, 32),
(237, 180, 2073.00, 67, 2),
(238, 30, 1984.00, 68, 37),
(239, 30, 2072.00, 68, 32),
(240, 30, 2000.00, 68, 3),
(241, 90, 2073.00, 68, 2),
(242, 180, 2714.00, 68, 4),
(243, 120, 2073.00, 69, 2),
(244, 150, 1729.00, 69, 5),
(245, 96, 2714.00, 69, 4),
(246, 90, 2000.00, 70, 3),
(247, 144, 2548.00, 70, 6),
(248, 120, 2072.00, 70, 32),
(249, 90, 2073.00, 70, 2),
(250, 90, 2073.00, 71, 2),
(251, 30, 2072.00, 71, 32),
(252, 96, 2714.00, 71, 4),
(253, 12, 2714.00, 72, 4),
(254, 90, 2000.00, 72, 3),
(255, 90, 2073.00, 72, 2),
(256, 90, 2058.00, 73, 32),
(257, 30, 1984.00, 73, 37),
(258, 12, 2908.00, 73, 7),
(259, 120, 2073.00, 74, 2),
(260, 60, 1984.00, 74, 37),
(261, 30, 1729.00, 74, 5),
(262, 180, 2548.00, 75, 6),
(263, 90, 2908.00, 75, 7),
(264, 72, 2714.00, 75, 4),
(265, 180, 1987.00, 75, 3),
(266, 30, 2059.00, 75, 2),
(267, 120, 1718.00, 77, 5),
(268, 30, 1987.00, 77, 3),
(269, 72, 2889.00, 77, 6),
(270, 90, 2696.00, 78, 4),
(271, 120, 1718.00, 78, 5),
(272, 90, 2059.00, 78, 2),
(273, 12, 2889.00, 78, 6),
(274, 120, 2889.00, 79, 6),
(275, 180, 2059.00, 79, 2),
(276, 180, 1971.00, 79, 37),
(277, 24, 2696.00, 79, 4),
(278, 30, 2058.00, 79, 32),
(279, 30, 2058.00, 80, 32),
(280, 180, 1971.00, 80, 37),
(281, 360, 2059.00, 80, 2),
(282, 90, 1987.00, 80, 3),
(283, 60, 2889.00, 80, 6),
(284, 90, 2889.00, 81, 7),
(285, 48, 2696.00, 81, 4),
(286, 30, 1718.00, 81, 5),
(287, 360, 2059.00, 82, 2),
(288, 300, 1987.00, 82, 3),
(289, 90, 2079.00, 83, 2),
(290, 90, 2722.00, 83, 5),
(291, 180, 2917.00, 84, 6),
(292, 30, 1990.00, 84, 37),
(293, 30, 2006.00, 84, 3),
(294, 120, 2006.00, 85, 3),
(295, 30, 1990.00, 85, 37),
(296, 24, 2722.00, 85, 4),
(297, 180, 2078.00, 86, 32),
(298, 180, 2079.00, 86, 2),
(299, 30, 1990.00, 86, 37),
(300, 90, 2079.00, 87, 2),
(301, 90, 2078.00, 87, 32),
(302, 90, 2006.00, 87, 3),
(303, 120, 2006.00, 88, 3),
(304, 120, 2079.00, 88, 2),
(305, 120, 2078.00, 88, 32),
(306, 72, 2917.00, 89, 6),
(307, 90, 2722.00, 89, 5),
(308, 180, 2722.00, 89, 4),
(309, 60, 2079.00, 89, 2),
(310, 60, 2079.00, 90, 2),
(311, 30, 2006.00, 90, 3),
(312, 120, 2078.00, 90, 32),
(313, 120, 1990.00, 90, 37),
(314, 30, 1735.00, 90, 5),
(315, 72, 2897.00, 91, 6),
(316, 90, 2063.00, 91, 32),
(317, 90, 1992.00, 91, 3),
(318, 90, 1722.00, 91, 5),
(319, 240, 1992.00, 92, 3),
(320, 90, 1722.00, 92, 5),
(321, 360, 2064.00, 92, 2),
(322, 30, 1976.00, 93, 37),
(323, 30, 1722.00, 93, 5),
(324, 60, 1992.00, 93, 3),
(325, 30, 1722.00, 94, 5),
(326, 144, 2897.00, 94, 7),
(327, 72, 2703.00, 94, 4),
(328, 90, 2897.00, 95, 7),
(329, 90, 1722.00, 95, 5),
(330, 30, 1976.00, 95, 37),
(331, 480, 2064.00, 95, 2),
(332, 12, 2703.00, 96, 4),
(333, 120, 2064.00, 96, 2),
(334, 12, 2897.00, 96, 6),
(335, 120, 2064.00, 97, 2),
(336, 180, 2063.00, 97, 32),
(337, 90, 1976.00, 97, 37),
(338, 180, 2703.00, 97, 4),
(339, 12, 2703.00, 98, 4),
(340, 120, 1992.00, 98, 3),
(341, 120, 2064.00, 98, 2),
(342, 120, 2063.00, 98, 32),
(343, 24, 2897.00, 98, 6),
(344, 300, 2089.00, 99, 2),
(345, 90, 2931.00, 99, 6),
(346, 30, 2087.00, 99, 32),
(347, 96, 2931.00, 100, 6),
(348, 96, 2735.00, 100, 4),
(349, 96, 2735.00, 101, 4),
(350, 120, 1743.00, 101, 5),
(351, 180, 2015.00, 101, 3),
(352, 30, 1999.00, 101, 37),
(353, 90, 2087.00, 102, 32),
(354, 30, 1999.00, 102, 37),
(355, 90, 1999.00, 103, 37),
(356, 90, 2735.00, 103, 4),
(357, 90, 1743.00, 103, 5),
(358, 150, 2087.00, 103, 32),
(359, 240, 2089.00, 104, 2),
(360, 120, 1743.00, 104, 5),
(361, 24, 2931.00, 104, 6),
(362, 540, 2089.00, 104, 2),
(363, 180, 2015.00, 105, 3),
(364, 48, 2931.00, 105, 7),
(365, 30, 1999.00, 105, 37),
(366, 30, 2735.00, 106, 4),
(367, 90, 2015.00, 106, 3),
(368, 30, 2084.00, 107, 2),
(369, 12, 2924.00, 107, 6),
(370, 480, 2084.00, 107, 2),
(371, 90, 2084.00, 108, 2),
(372, 30, 1995.00, 108, 37),
(373, 12, 2084.00, 108, 6),
(374, 30, 2010.00, 108, 3),
(375, 90, 2084.00, 109, 2),
(376, 90, 2010.00, 109, 3),
(377, 90, 2084.00, 110, 2),
(378, 90, 2010.00, 110, 3),
(379, 24, 2729.00, 110, 4),
(380, 60, 2084.00, 111, 2),
(381, 30, 1739.00, 111, 5),
(382, 90, 2083.00, 111, 32),
(383, 30, 1995.00, 112, 37),
(384, 90, 2924.00, 112, 7),
(385, 24, 2729.00, 112, 4),
(386, 120, 2010.00, 113, 3),
(387, 120, 1995.00, 114, 37),
(388, 120, 1739.00, 114, 5),
(389, 150, 2010.00, 115, 3),
(390, 30, 2924.00, 115, 7),
(391, 24, 2729.00, 115, 4),
(392, 150, 2084.00, 115, 2),
(393, 90, 2084.00, 116, 2),
(394, 180, 2729.00, 116, 4),
(395, 180, 2010.00, 116, 3),
(396, 90, 1995.00, 116, 37),
(397, 90, 2083.00, 116, 32),
(398, 12, 2924.00, 117, 6),
(399, 24, 2924.00, 117, 7),
(400, 120, 2083.00, 117, 32),
(401, 120, 2084.00, 117, 2),
(402, 60, 2110.00, 118, 32),
(403, 180, 2037.00, 118, 3),
(404, 90, 2765.00, 119, 4),
(405, 90, 2037.00, 119, 3),
(406, 180, 1762.00, 119, 5),
(407, 180, 2111.00, 120, 2),
(408, 30, 2110.00, 120, 32),
(409, 90, 2963.00, 120, 6),
(410, 150, 2037.00, 121, 3),
(411, 90, 2111.00, 121, 2),
(412, 90, 1762.00, 121, 5),
(413, 90, 2021.00, 122, 37),
(414, 90, 2110.00, 122, 32),
(415, 90, 2111.00, 122, 2),
(416, 72, 2963.00, 122, 6),
(417, 30, 2111.00, 123, 2),
(418, 30, 1762.00, 123, 5),
(419, 180, 2021.00, 123, 37),
(420, 30, 1762.00, 124, 5),
(421, 30, 2021.00, 124, 37),
(422, 60, 2111.00, 124, 2),
(423, 240, 2000.00, 125, 3),
(424, 60, 2909.00, 125, 6),
(425, 48, 2714.00, 125, 4),
(426, 30, 2072.00, 125, 32),
(427, 90, 1984.00, 125, 37),
(428, 60, 2072.00, 126, 32),
(429, 12, 2909.00, 126, 6),
(430, 30, 1730.00, 126, 5),
(431, 60, 2095.00, 126, 2),
(432, 30, 1984.00, 126, 37),
(433, 120, 2095.00, 127, 4),
(434, 90, 1730.00, 127, 5),
(435, 30, 2072.00, 127, 32),
(436, 120, 2095.00, 127, 2),
(437, 60, 2095.00, 128, 2),
(438, 30, 2000.00, 128, 3),
(439, 144, 2909.00, 128, 6),
(440, 90, 1984.00, 128, 37),
(441, 120, 2000.00, 129, 3),
(442, 120, 1730.00, 129, 5),
(443, 72, 2714.00, 129, 4),
(444, 360, 2095.00, 129, 2),
(445, 72, 2000.00, 130, 4),
(446, 120, 1730.00, 130, 5),
(447, 24, 2909.00, 130, 6),
(448, 90, 2096.00, 130, 3),
(449, 30, 2000.00, 131, 3),
(450, 90, 1984.00, 131, 37),
(451, 90, 2909.00, 131, 7),
(452, 90, 2072.00, 131, 32),
(453, 90, 2095.00, 132, 2),
(454, 24, 2714.00, 132, 4),
(455, 90, 1730.00, 132, 5),
(456, 360, 2130.00, 133, 2),
(457, 90, 2789.00, 133, 4),
(458, 90, 1777.00, 133, 5),
(459, 150, 2055.00, 134, 3),
(460, 60, 2039.00, 134, 37),
(461, 180, 2129.00, 134, 32),
(462, 30, 2789.00, 135, 4),
(463, 144, 2988.00, 135, 7),
(464, 90, 2130.00, 135, 2),
(465, 30, 1777.00, 135, 5),
(466, 150, 2129.00, 135, 32),
(467, 90, 2130.00, 136, 2),
(468, 24, 2789.00, 136, 4),
(469, 96, 2988.00, 136, 6),
(470, 150, 1777.00, 136, 5),
(471, 30, 2039.00, 136, 37),
(472, 60, 2139.00, 137, 32),
(473, 90, 2055.00, 137, 3),
(474, 60, 1777.00, 137, 5),
(475, 120, 2130.00, 138, 2),
(476, 48, 2988.00, 138, 7),
(477, 90, 2055.00, 138, 3),
(478, 360, 2130.00, 139, 2),
(479, 120, 2139.00, 139, 32),
(480, 120, 2789.00, 139, 4),
(481, 90, 2055.00, 139, 3),
(482, 60, 1777.00, 140, 5),
(483, 120, 2055.00, 140, 3),
(484, 180, 2130.00, 140, 2),
(485, 90, 2130.00, 141, 2),
(486, 30, 2039.00, 141, 37),
(487, 30, 2055.00, 141, 3),
(488, 60, 2190.00, 141, 32),
(489, 360, 2130.00, 142, 2),
(490, 120, 2055.00, 142, 3),
(491, 120, 2139.00, 142, 32),
(492, 90, 2039.00, 142, 37),
(493, 12, 5000.00, 143, 11),
(494, 5, 2083.00, 143, 13),
(495, 5, 2083.00, 143, 14),
(496, 5, 2083.00, 143, 15),
(497, 15, 1311.00, 144, 19),
(498, 15, 1311.00, 144, 18),
(499, 12, 1980.00, 144, 28),
(500, 24, 1350.00, 144, 25),
(501, 20, 800.00, 145, 35),
(502, 16, 1891.00, 146, 21),
(503, 16, 1891.00, 146, 22),
(504, 16, 1891.00, 146, 23),
(505, 6, 1311.00, 146, 18),
(506, 12, 1311.00, 146, 19),
(507, 20, 600.00, 147, 34),
(508, 12, 1741.00, 147, 29),
(509, 12, 1741.00, 147, 30),
(510, 6, 2083.00, 148, 14),
(511, 24, 3083.00, 148, 17),
(512, 30, 1833.00, 149, 8),
(513, 12, 1891.00, 150, 22),
(514, 24, 1495.00, 150, 20),
(515, 40, 800.00, 151, 35),
(516, 40, 600.00, 151, 36),
(517, 12, 1980.00, 152, 28),
(518, 24, 300.00, 152, 31),
(519, 6, 1741.00, 153, 29),
(520, 6, 1741.00, 153, 30),
(521, 30, 2016.00, 154, 28),
(522, 6, 1830.00, 154, 26),
(523, 60, 1375.00, 154, 25),
(524, 12, 1773.00, 155, 29),
(525, 6, 1773.00, 155, 30),
(526, 24, 1856.00, 156, 8),
(527, 12, 5065.00, 156, 9),
(528, 6, 2110.00, 157, 15),
(529, 6, 2110.00, 157, 13),
(530, 30, 1856.00, 157, 10),
(531, 12, 5065.00, 157, 11),
(532, 12, 3125.00, 157, 16),
(533, 30, 2005.00, 158, 28),
(534, 32, 1114.00, 158, 33),
(535, 15, 2015.00, 158, 24),
(536, 6, 2132.00, 159, 15),
(537, 6, 2132.00, 159, 13),
(538, 12, 3156.00, 159, 16),
(539, 12, 3156.00, 159, 17),
(540, 30, 1876.00, 159, 12),
(541, 100, 300.00, 160, 27),
(542, 15, 1782.00, 160, 29),
(543, 15, 1782.00, 160, 30),
(544, 48, 1865.00, 161, 8),
(545, 12, 5088.00, 161, 9),
(546, 60, 1865.00, 162, 12),
(547, 12, 3880.00, 162, 11),
(548, 12, 3137.00, 162, 16),
(549, 12, 3137.00, 162, 17),
(550, 12, 1924.00, 163, 21),
(551, 12, 1924.00, 163, 22),
(552, 12, 1924.00, 163, 23),
(553, 12, 1521.00, 163, 20),
(554, 12, 1334.00, 163, 18),
(555, 12, 1334.00, 163, 19),
(556, 72, 1538.00, 164, 20),
(557, 4, 1943.00, 164, 21),
(558, 4, 1943.00, 164, 22),
(559, 4, 1943.00, 164, 23),
(560, 24, 1347.00, 164, 18),
(561, 12, 1347.00, 164, 19),
(562, 30, 616.00, 165, 36),
(563, 30, 1884.00, 166, 12),
(564, 12, 3168.00, 166, 16),
(565, 12, 2141.00, 166, 13),
(566, 64, 1123.00, 167, 33),
(567, 60, 306.00, 167, 27),
(568, 72, 1378.00, 167, 25),
(569, 5, 1830.00, 167, 26),
(570, 30, 5105.00, 168, 11),
(571, 8, 2127.00, 168, 13),
(572, 8, 2127.00, 168, 14),
(573, 8, 2127.00, 168, 15),
(574, 12, 3148.00, 168, 16),
(575, 12, 3148.00, 168, 17),
(576, 24, 1889.00, 169, 8),
(577, 24, 5154.00, 169, 9),
(578, 30, 618.00, 170, 36),
(579, 30, 824.00, 170, 35),
(580, 24, 618.00, 171, 34),
(581, 24, 2051.00, 171, 24),
(582, 12, 3156.00, 172, 17),
(583, 12, 2132.00, 172, 14),
(584, 6, 2132.00, 172, 15),
(585, 12, 1935.00, 173, 22),
(586, 12, 1782.00, 173, 30),
(587, 12, 614.00, 174, 34),
(588, 24, 307.00, 174, 31),
(589, 20, 614.00, 174, 36),
(590, 12, 1958.00, 175, 23),
(591, 15, 1958.00, 176, 23),
(592, 15, 1958.00, 176, 21),
(593, 15, 1958.00, 176, 22),
(594, 30, 1548.00, 176, 20),
(595, 24, 2061.00, 177, 24),
(596, 15, 1803.00, 177, 29),
(597, 24, 310.00, 178, 31),
(598, 24, 620.00, 178, 34),
(599, 24, 2046.00, 178, 28),
(600, 24, 620.00, 178, 34),
(601, 24, 1894.00, 179, 8),
(602, 24, 5166.00, 179, 9),
(603, 12, 1565.00, 180, 20),
(604, 24, 1413.00, 180, 25),
(605, 12, 1980.00, 180, 21),
(606, 15, 1536.00, 181, 20),
(607, 24, 1387.00, 181, 25),
(608, 20, 822.00, 182, 35),
(609, 20, 616.00, 182, 36),
(610, 8, 2141.00, 183, 13),
(611, 8, 2141.00, 183, 14),
(612, 8, 2141.00, 183, 15),
(613, 24, 1935.00, 184, 8),
(614, 12, 5280.00, 184, 9),
(615, 12, 1384.00, 185, 18),
(616, 12, 1384.00, 185, 19),
(617, 12, 1578.00, 185, 20),
(618, 12, 1997.00, 185, 21),
(619, 12, 1384.00, 185, 22),
(620, 12, 1384.00, 185, 23),
(621, 8, 2199.00, 186, 13),
(622, 8, 2199.00, 186, 14),
(623, 8, 2199.00, 186, 15),
(624, 6, 3255.00, 186, 16),
(625, 6, 3255.00, 186, 17),
(626, 30, 1935.00, 186, 10),
(627, 12, 5280.00, 186, 11);

-- --------------------------------------------------------

--
-- Estructura de tabla para la tabla `app_pedidos_proveedor`
--


--
-- Volcado de datos para la tabla `app_pedidos_proveedor`
--

INSERT INTO `app_pedidos_proveedor` (`id`, `nombre`, `direccion`, `telefono`, `email`, `fecha_registro`) VALUES
(1, 'Bavaria', 'Carrera 53A # 127-35', '018000 526555', 'Protecciondedatos@co.ab-inbev.com', '2025-05-03 21:06:10.715068'),
(2, 'Distribuidora MR&T', 'N/A', '3218034028', 'distribuidoraMR&T@gmail.com', '2025-05-03 21:06:45.904885'),
(3, 'Gaseosas LUX S.A.S', 'CR 2 ESTE 1635', '@models', 'recepcionfe@gaslux.com.co', '2025-05-03 21:07:16.764741'),
(4, 'Distribuidora Distribuciones JYC Rico S.A.S', 'Cr 8601 Urb Bolonia MZ - El rosal', '3143598575', 'distribucionesJYCRico@gmail.com', '2025-05-03 21:08:53.410569'),
(5, 'Dulcería San Carlos', 'CR 8 No 11-04 Barrio San Carlos', '3217547484', 'alexrooos31@gmail.com', '2025-05-03 21:09:41.398989'),
(6, 'Coca Cola', 'Cra 96 # 24c-94, C.P. 110911, Bogotá D.C.', '6016050600', 'contactocolombia@coca-cola.com', '2025-05-06 01:21:08.491827');

-- --------------------------------------------------------

--
-- Estructura de tabla para la tabla `app_reportes_estadisticaventa`
--



-- --------------------------------------------------------

--
-- Estructura de tabla para la tabla `app_reportes_venta`
--


-- --------------------------------------------------------

--
-- Estructura de tabla para la tabla `app_usuarios_pin`
--


-- --------------------------------------------------------

--
-- Estructura de tabla para la tabla `app_usuarios_profile`
--



--
-- Volcado de datos para la tabla `app_usuarios_profile`
--

INSERT INTO `app_usuarios_profile` (`id`, `nombre_completo`, `telefono`, `direccion`, `fecha_contratacion`, `rol`, `user_id`) VALUES
(1, '', NULL, NULL, NULL, 'Administrador', 1);

-- --------------------------------------------------------

--
-- Estructura de tabla para la tabla `app_ventas_venta`
--



--
-- Volcado de datos para la tabla `app_ventas_venta`
--

INSERT INTO `app_ventas_venta` (`id`, `fecha_creacion`, `fecha_modificacion`, `estado`, `total`, `observaciones`, `creado_por_id`, `empleado_id`, `modificado_por_id`) VALUES
(9, '2024-01-27 02:00:00.000000', '2025-05-06 21:50:27.436828', 'completada', 2627700.00, NULL, NULL, 1, NULL),
(10, '2024-02-24 02:00:00.000000', '2025-05-06 21:52:19.916602', 'completada', 2450000.00, NULL, NULL, 1, NULL),
(11, '2024-03-27 02:00:00.000000', '2025-05-06 21:54:13.542195', 'completada', 2378200.00, NULL, NULL, 1, NULL),
(12, '2024-04-25 02:00:00.000000', '2025-05-06 21:57:19.984364', 'completada', 2186000.00, NULL, NULL, 1, NULL),
(13, '2024-06-01 02:00:00.000000', '2025-05-06 22:01:35.633765', 'completada', 1383400.00, NULL, NULL, 1, NULL),
(14, '2024-06-29 02:00:00.000000', '2025-05-06 22:03:02.384204', 'completada', 2160000.00, NULL, NULL, 1, NULL),
(15, '2024-07-27 02:00:00.000000', '2025-05-06 22:06:40.228585', 'completada', 1864900.00, NULL, NULL, 1, NULL),
(16, '2024-08-31 02:00:00.000000', '2025-05-06 22:09:06.122051', 'completada', 1549500.00, NULL, NULL, 1, NULL),
(17, '2024-09-28 02:00:00.000000', '2025-05-06 22:12:16.315004', 'completada', 1685000.00, NULL, NULL, 1, NULL),
(18, '2024-10-05 02:00:00.000000', '2025-05-06 22:28:27.705485', 'completada', 1009000.00, NULL, NULL, 1, NULL),
(19, '2024-10-12 02:00:00.000000', '2025-05-06 22:30:29.704644', 'completada', 606900.00, NULL, NULL, 1, NULL),
(20, '2024-10-19 02:00:00.000000', '2025-05-06 22:33:09.187671', 'completada', 586000.00, NULL, NULL, 1, NULL),
(21, '2024-10-26 02:00:00.000000', '2025-05-06 22:41:46.295271', 'completada', 759000.00, NULL, NULL, 1, NULL),
(22, '2024-11-02 02:00:00.000000', '2025-05-06 22:44:34.799105', 'completada', 609000.00, NULL, NULL, 1, NULL),
(23, '2024-11-09 02:00:00.000000', '2025-05-06 22:47:55.798063', 'completada', 564600.00, NULL, NULL, 1, NULL),
(24, '2024-11-16 02:00:00.000000', '2025-05-06 22:50:09.903468', 'completada', 554600.00, NULL, NULL, 1, NULL),
(25, '2024-11-23 02:00:00.000000', '2025-05-06 22:52:30.721629', 'completada', 734000.00, NULL, NULL, 1, NULL),
(26, '2024-11-30 02:00:00.000000', '2025-05-06 22:55:51.636466', 'completada', 468200.00, NULL, NULL, 1, NULL),
(27, '2024-12-06 00:26:30.314426', '2025-05-07 01:02:28.227154', 'completada', 912400.00, 'None', NULL, 1, 1),
(28, '2023-12-13 00:37:45.747588', '2025-05-07 00:37:45.762550', 'completada', 793000.00, NULL, NULL, 1, NULL),
(29, '2024-12-21 00:00:00.000000', '2025-05-07 01:16:17.705815', 'completada', 3758000.00, 'None', NULL, 1, 1),
(30, '2024-12-28 00:00:00.000000', '2025-05-07 01:15:43.935210', 'completada', 4008400.00, 'None', NULL, 1, 1),
(31, '2025-01-04 02:00:00.000000', '2025-05-07 01:00:39.157346', 'completada', 1841800.00, 'None', NULL, 1, 1),
(32, '2025-01-11 02:00:00.000000', '2025-05-07 01:09:54.987776', 'completada', 861000.00, 'None', NULL, 1, 1),
(33, '2024-01-18 02:00:00.000000', '2025-05-07 01:09:17.982779', 'completada', 800000.00, NULL, NULL, 1, NULL),
(34, '2024-01-25 02:00:00.000000', '2025-05-07 01:10:40.851952', 'completada', 1379000.00, NULL, NULL, 1, NULL),
(35, '2025-01-18 02:00:00.000000', '2025-05-07 01:12:42.361806', 'completada', 1553200.00, NULL, NULL, 1, NULL),
(36, '2025-01-21 02:00:00.000000', '2025-05-07 01:13:33.722495', 'completada', 2066000.00, NULL, NULL, 1, NULL),
(37, '2025-02-01 02:00:00.000000', '2025-05-07 01:14:54.586089', 'completada', 1560000.00, NULL, NULL, 1, NULL),
(38, '2025-02-08 02:00:00.000000', '2025-05-07 01:19:53.587826', 'completada', 1360000.00, NULL, NULL, 1, NULL),
(39, '2025-02-15 02:00:00.000000', '2025-05-07 01:46:19.630556', 'completada', 850000.00, NULL, NULL, 1, NULL),
(40, '2025-02-22 02:00:00.000000', '2025-05-07 01:50:29.189389', 'completada', 1067000.00, NULL, NULL, 1, NULL),
(41, '2025-03-01 02:00:00.000000', '2025-05-07 02:10:27.197161', 'completada', 925000.00, NULL, NULL, 1, NULL),
(42, '2025-03-08 02:00:00.000000', '2025-05-07 02:17:46.335018', 'completada', 794000.00, NULL, NULL, 1, NULL),
(45, '2025-03-15 02:00:00.000000', '2025-05-07 02:25:50.092078', 'completada', 960800.00, NULL, NULL, 1, NULL),
(46, '2025-03-22 02:00:00.000000', '2025-05-07 02:26:31.538013', 'completada', 1030000.00, NULL, NULL, 1, NULL),
(47, '2025-03-29 02:00:00.000000', '2025-05-07 02:27:26.257424', 'completada', 986000.00, NULL, NULL, 1, NULL),
(48, '2025-04-05 02:00:00.000000', '2025-05-07 02:28:32.754439', 'completada', 1118000.00, NULL, NULL, 1, NULL),
(49, '2025-04-12 02:00:00.000000', '2025-05-07 02:29:44.596345', 'completada', 1184100.00, NULL, NULL, 1, NULL),
(50, '2025-04-26 02:00:00.000000', '2025-05-07 02:30:32.754700', 'completada', 891000.00, NULL, NULL, 1, NULL),
(51, '2025-05-04 02:00:00.000000', '2025-05-07 02:32:13.456107', 'completada', 1294500.00, NULL, NULL, 1, NULL),
(52, '2025-05-05 02:00:00.000000', '2025-05-07 02:33:10.046463', 'completada', 980000.00, NULL, NULL, 1, NULL),
(53, '2025-05-06 02:00:00.000000', '2025-05-07 02:34:02.480548', 'completada', 1380000.00, NULL, NULL, 1, NULL);

-- --------------------------------------------------------

--
-- Estructura de tabla para la tabla `app_ventas_ventadetalle`
--



--
-- Volcado de datos para la tabla `app_ventas_ventadetalle`
--

INSERT INTO `app_ventas_ventadetalle` (`id`, `cantidad`, `precio_unitario`, `precio_total`, `producto_id`, `venta_id`) VALUES
(25, 120, 3000.00, 360000.00, 2, 9),
(26, 120, 3000.00, 360000.00, 3, 9),
(27, 120, 3000.00, 360000.00, 4, 9),
(28, 120, 3000.00, 360000.00, 5, 9),
(29, 120, 4000.00, 480000.00, 6, 9),
(30, 90, 5000.00, 450000.00, 7, 9),
(31, 10, 3200.00, 32000.00, 8, 9),
(32, 6, 6000.00, 36000.00, 9, 9),
(33, 2, 3000.00, 6000.00, 10, 9),
(34, 6, 5000.00, 30000.00, 11, 9),
(35, 5, 3000.00, 15000.00, 12, 9),
(36, 5, 2600.00, 13000.00, 13, 9),
(37, 5, 2600.00, 13000.00, 14, 9),
(38, 2, 2600.00, 5200.00, 15, 9),
(39, 3, 3200.00, 9600.00, 16, 9),
(40, 5, 3200.00, 16000.00, 17, 9),
(41, 3, 1500.00, 4500.00, 18, 9),
(42, 3, 1500.00, 4500.00, 19, 9),
(43, 5, 1800.00, 9000.00, 20, 9),
(44, 2, 3000.00, 6000.00, 21, 9),
(45, 3, 3000.00, 9000.00, 22, 9),
(46, 2, 3200.00, 6400.00, 23, 9),
(47, 3, 2500.00, 7500.00, 24, 9),
(48, 5, 2000.00, 10000.00, 25, 9),
(49, 1, 2000.00, 2000.00, 26, 9),
(50, 10, 300.00, 3000.00, 27, 9),
(51, 3, 2000.00, 6000.00, 28, 9),
(52, 5, 2000.00, 10000.00, 29, 9),
(53, 2, 2000.00, 4000.00, 30, 9),
(54, 180, 3000.00, 540000.00, 2, 10),
(55, 180, 3000.00, 540000.00, 3, 10),
(56, 180, 3000.00, 540000.00, 37, 10),
(57, 90, 3000.00, 270000.00, 5, 10),
(58, 10, 1000.00, 10000.00, 36, 10),
(59, 10, 1000.00, 10000.00, 34, 10),
(60, 180, 3000.00, 540000.00, 32, 10),
(61, 120, 3000.00, 360000.00, 2, 11),
(62, 120, 3000.00, 360000.00, 3, 11),
(63, 120, 3000.00, 360000.00, 5, 11),
(64, 120, 4000.00, 480000.00, 6, 11),
(65, 90, 5000.00, 450000.00, 7, 11),
(66, 20, 3200.00, 64000.00, 8, 11),
(67, 90, 3000.00, 270000.00, 32, 11),
(68, 10, 1000.00, 10000.00, 36, 11),
(69, 6, 3200.00, 19200.00, 8, 11),
(70, 5, 1000.00, 5000.00, 34, 11),
(71, 180, 3000.00, 540000.00, 2, 12),
(72, 90, 3000.00, 270000.00, 3, 12),
(73, 90, 3000.00, 270000.00, 4, 12),
(74, 90, 3000.00, 270000.00, 5, 12),
(75, 90, 4000.00, 360000.00, 6, 12),
(76, 90, 5000.00, 450000.00, 7, 12),
(77, 5, 1200.00, 6000.00, 35, 12),
(78, 10, 2000.00, 20000.00, 25, 12),
(79, 180, 3000.00, 540000.00, 2, 13),
(80, 120, 3000.00, 360000.00, 3, 13),
(81, 12, 3000.00, 36000.00, 4, 13),
(82, 15, 3000.00, 45000.00, 5, 13),
(83, 15, 4000.00, 60000.00, 6, 13),
(84, 12, 3200.00, 38400.00, 8, 13),
(85, 10, 3000.00, 30000.00, 12, 13),
(86, 8, 500.00, 4000.00, 31, 13),
(87, 90, 3000.00, 270000.00, 37, 13),
(88, 180, 3000.00, 540000.00, 2, 14),
(89, 120, 3000.00, 360000.00, 3, 14),
(90, 12, 3000.00, 36000.00, 4, 14),
(91, 12, 3000.00, 36000.00, 5, 14),
(92, 12, 4000.00, 48000.00, 6, 14),
(93, 12, 5000.00, 60000.00, 7, 14),
(94, 180, 3000.00, 540000.00, 37, 14),
(95, 180, 3000.00, 540000.00, 32, 14),
(96, 180, 3000.00, 540000.00, 2, 15),
(97, 90, 3000.00, 270000.00, 3, 15),
(98, 24, 3000.00, 72000.00, 4, 15),
(99, 90, 3000.00, 270000.00, 5, 15),
(100, 24, 5000.00, 120000.00, 7, 15),
(101, 5, 2600.00, 13000.00, 13, 15),
(102, 12, 2000.00, 24000.00, 25, 15),
(103, 12, 2000.00, 24000.00, 28, 15),
(104, 12, 3200.00, 38400.00, 17, 15),
(105, 5, 1500.00, 7500.00, 19, 15),
(106, 12, 3000.00, 36000.00, 22, 15),
(107, 60, 3000.00, 180000.00, 32, 15),
(108, 90, 3000.00, 270000.00, 37, 15),
(109, 180, 3000.00, 540000.00, 2, 16),
(110, 90, 3000.00, 270000.00, 3, 16),
(111, 24, 3000.00, 72000.00, 4, 16),
(112, 120, 3000.00, 360000.00, 5, 16),
(113, 90, 3000.00, 270000.00, 32, 16),
(114, 3, 3000.00, 9000.00, 12, 16),
(115, 5, 1500.00, 7500.00, 18, 16),
(116, 3, 3000.00, 9000.00, 21, 16),
(117, 4, 2000.00, 8000.00, 25, 16),
(118, 4, 1000.00, 4000.00, 36, 16),
(119, 120, 3000.00, 360000.00, 2, 17),
(120, 90, 3000.00, 270000.00, 3, 17),
(121, 120, 3000.00, 360000.00, 37, 17),
(122, 120, 3000.00, 360000.00, 32, 17),
(123, 90, 3000.00, 270000.00, 5, 17),
(124, 10, 500.00, 5000.00, 31, 17),
(125, 5, 3200.00, 16000.00, 8, 17),
(126, 2, 5000.00, 10000.00, 11, 17),
(127, 5, 3200.00, 16000.00, 23, 17),
(128, 10, 1800.00, 18000.00, 20, 17),
(129, 40, 3000.00, 120000.00, 3, 18),
(130, 24, 3000.00, 72000.00, 4, 18),
(131, 24, 4000.00, 96000.00, 6, 18),
(132, 12, 5000.00, 60000.00, 7, 18),
(133, 5, 3200.00, 16000.00, 8, 18),
(134, 5, 3000.00, 15000.00, 12, 18),
(135, 120, 3000.00, 360000.00, 32, 18),
(136, 90, 3000.00, 270000.00, 2, 18),
(137, 90, 3000.00, 270000.00, 2, 19),
(138, 60, 3000.00, 180000.00, 3, 19),
(139, 12, 3000.00, 36000.00, 4, 19),
(140, 12, 1600.00, 19200.00, 33, 19),
(141, 3, 3200.00, 9600.00, 8, 19),
(142, 7, 300.00, 2100.00, 27, 19),
(143, 30, 3000.00, 90000.00, 32, 19),
(144, 90, 3000.00, 270000.00, 2, 20),
(145, 30, 3000.00, 90000.00, 3, 20),
(146, 24, 3000.00, 72000.00, 4, 20),
(147, 5, 3000.00, 15000.00, 12, 20),
(148, 5, 2600.00, 13000.00, 13, 20),
(149, 30, 3000.00, 90000.00, 32, 20),
(150, 12, 3000.00, 36000.00, 37, 20),
(151, 90, 3000.00, 270000.00, 2, 21),
(152, 30, 3000.00, 90000.00, 3, 21),
(153, 15, 3000.00, 45000.00, 37, 21),
(154, 30, 3000.00, 90000.00, 5, 21),
(155, 24, 5000.00, 120000.00, 7, 21),
(156, 24, 4000.00, 96000.00, 6, 21),
(157, 15, 3200.00, 48000.00, 8, 21),
(158, 90, 3000.00, 270000.00, 2, 22),
(159, 45, 3000.00, 135000.00, 3, 22),
(160, 2, 3200.00, 6400.00, 8, 22),
(161, 45, 3000.00, 135000.00, 37, 22),
(162, 5, 1000.00, 5000.00, 36, 22),
(163, 4, 3000.00, 12000.00, 12, 22),
(164, 12, 1800.00, 21600.00, 20, 22),
(165, 12, 2000.00, 24000.00, 28, 22),
(166, 90, 3000.00, 270000.00, 2, 23),
(167, 20, 3000.00, 60000.00, 3, 23),
(168, 24, 3000.00, 72000.00, 4, 23),
(169, 15, 3000.00, 45000.00, 5, 23),
(170, 8, 3000.00, 24000.00, 12, 23),
(171, 12, 1800.00, 21600.00, 20, 23),
(172, 24, 3000.00, 72000.00, 37, 23),
(173, 45, 3000.00, 135000.00, 2, 24),
(174, 25, 3000.00, 75000.00, 3, 24),
(175, 12, 3000.00, 36000.00, 4, 24),
(176, 25, 3000.00, 75000.00, 5, 24),
(177, 12, 4000.00, 48000.00, 6, 24),
(178, 12, 5000.00, 60000.00, 7, 24),
(179, 4, 3200.00, 12800.00, 8, 24),
(180, 5, 3000.00, 15000.00, 12, 24),
(181, 3, 2600.00, 7800.00, 13, 24),
(182, 5, 3000.00, 15000.00, 22, 24),
(183, 25, 3000.00, 75000.00, 32, 24),
(184, 12, 2000.00, 24000.00, 28, 25),
(185, 8, 1000.00, 8000.00, 36, 25),
(186, 90, 3000.00, 270000.00, 32, 25),
(187, 90, 3000.00, 270000.00, 2, 25),
(188, 30, 3000.00, 90000.00, 5, 25),
(189, 24, 3000.00, 72000.00, 4, 25),
(190, 30, 3000.00, 90000.00, 2, 26),
(191, 15, 3000.00, 45000.00, 3, 26),
(192, 30, 3000.00, 90000.00, 37, 26),
(193, 12, 2000.00, 24000.00, 25, 26),
(194, 4, 2600.00, 10400.00, 13, 26),
(195, 12, 5000.00, 60000.00, 7, 26),
(196, 12, 1800.00, 21600.00, 20, 26),
(197, 10, 300.00, 3000.00, 27, 26),
(198, 5, 3000.00, 15000.00, 12, 26),
(199, 30, 3000.00, 90000.00, 32, 26),
(200, 6, 3200.00, 19200.00, 16, 26),
(201, 73, 3000.00, 219000.00, 2, 27),
(202, 57, 3000.00, 171000.00, 3, 27),
(203, 37, 3000.00, 111000.00, 4, 27),
(204, 45, 3000.00, 135000.00, 5, 27),
(205, 39, 4000.00, 156000.00, 6, 27),
(206, 20, 5000.00, 100000.00, 7, 27),
(207, 2, 3200.00, 6400.00, 8, 27),
(208, 1, 6000.00, 6000.00, 9, 27),
(209, 1, 3000.00, 3000.00, 10, 27),
(210, 1, 5000.00, 5000.00, 11, 27),
(211, 50, 3000.00, 150000.00, 2, 28),
(212, 80, 3000.00, 240000.00, 3, 28),
(213, 90, 3000.00, 270000.00, 4, 28),
(214, 30, 3000.00, 90000.00, 5, 28),
(215, 5, 2600.00, 13000.00, 13, 28),
(216, 10, 3000.00, 30000.00, 32, 28),
(217, 300, 3000.00, 900000.00, 2, 29),
(218, 69, 3000.00, 207000.00, 4, 29),
(219, 137, 3000.00, 411000.00, 5, 29),
(220, 143, 4000.00, 572000.00, 6, 29),
(221, 157, 5000.00, 785000.00, 7, 29),
(222, 289, 3000.00, 867000.00, 3, 29),
(223, 2, 6000.00, 12000.00, 9, 29),
(224, 2, 2000.00, 4000.00, 29, 29),
(225, 350, 3000.00, 1050000.00, 2, 30),
(226, 289, 3000.00, 867000.00, 3, 30),
(227, 250, 3000.00, 750000.00, 4, 30),
(228, 200, 3000.00, 600000.00, 5, 30),
(229, 93, 4000.00, 372000.00, 6, 30),
(230, 70, 5000.00, 350000.00, 7, 30),
(231, 12, 1200.00, 14400.00, 35, 30),
(232, 5, 1000.00, 5000.00, 34, 30),
(233, 200, 3000.00, 600000.00, 2, 31),
(234, 150, 3000.00, 450000.00, 3, 31),
(235, 100, 3000.00, 300000.00, 4, 31),
(236, 70, 3000.00, 210000.00, 5, 31),
(237, 60, 4000.00, 240000.00, 6, 31),
(238, 3, 3200.00, 9600.00, 8, 31),
(239, 4, 6000.00, 24000.00, 9, 31),
(240, 10, 300.00, 3000.00, 27, 31),
(241, 2, 2600.00, 5200.00, 15, 31),
(242, 70, 3000.00, 210000.00, 2, 32),
(243, 63, 3000.00, 189000.00, 3, 32),
(244, 51, 3000.00, 153000.00, 4, 32),
(245, 33, 3000.00, 99000.00, 5, 32),
(246, 24, 4000.00, 96000.00, 6, 32),
(247, 17, 5000.00, 85000.00, 7, 32),
(248, 5, 3000.00, 15000.00, 10, 32),
(249, 7, 2000.00, 14000.00, 28, 32),
(250, 5, 3000.00, 15000.00, 12, 33),
(251, 30, 4000.00, 120000.00, 6, 33),
(252, 16, 5000.00, 80000.00, 7, 33),
(253, 70, 3000.00, 210000.00, 2, 33),
(254, 60, 3000.00, 180000.00, 3, 33),
(255, 40, 3000.00, 120000.00, 4, 33),
(256, 25, 3000.00, 75000.00, 5, 33),
(257, 100, 3000.00, 300000.00, 2, 34),
(258, 84, 3000.00, 252000.00, 3, 34),
(259, 75, 3000.00, 225000.00, 4, 34),
(260, 63, 3000.00, 189000.00, 5, 34),
(261, 57, 4000.00, 228000.00, 6, 34),
(262, 37, 5000.00, 185000.00, 7, 34),
(263, 120, 3000.00, 360000.00, 2, 35),
(264, 110, 3000.00, 330000.00, 3, 35),
(265, 80, 3000.00, 240000.00, 4, 35),
(266, 70, 3000.00, 210000.00, 5, 35),
(267, 57, 4000.00, 228000.00, 6, 35),
(268, 39, 4000.00, 156000.00, 6, 35),
(269, 5, 3200.00, 16000.00, 8, 35),
(270, 3, 1600.00, 4800.00, 33, 35),
(271, 7, 1200.00, 8400.00, 35, 35),
(272, 150, 3000.00, 450000.00, 2, 36),
(273, 130, 3000.00, 390000.00, 3, 36),
(274, 110, 3000.00, 330000.00, 4, 36),
(275, 90, 3000.00, 270000.00, 5, 36),
(276, 75, 4000.00, 300000.00, 6, 36),
(277, 63, 5000.00, 315000.00, 7, 36),
(278, 2, 2500.00, 5000.00, 24, 36),
(279, 3, 2000.00, 6000.00, 29, 36),
(280, 101, 3000.00, 303000.00, 2, 37),
(281, 93, 3000.00, 279000.00, 3, 37),
(282, 75, 3000.00, 225000.00, 4, 37),
(283, 63, 3000.00, 189000.00, 5, 37),
(284, 53, 4000.00, 212000.00, 6, 37),
(285, 47, 5000.00, 235000.00, 7, 37),
(286, 39, 3000.00, 117000.00, 37, 37),
(287, 100, 4000.00, 400000.00, 6, 38),
(288, 60, 5000.00, 300000.00, 7, 38),
(289, 70, 3000.00, 210000.00, 2, 38),
(290, 60, 3000.00, 180000.00, 3, 38),
(291, 50, 3000.00, 150000.00, 4, 38),
(292, 40, 3000.00, 120000.00, 5, 38),
(293, 100, 3000.00, 300000.00, 2, 39),
(294, 70, 3000.00, 210000.00, 3, 39),
(295, 50, 3000.00, 150000.00, 4, 39),
(296, 30, 3000.00, 90000.00, 5, 39),
(297, 20, 5000.00, 100000.00, 7, 39),
(298, 100, 3000.00, 300000.00, 2, 40),
(299, 90, 3000.00, 270000.00, 3, 40),
(300, 80, 3000.00, 240000.00, 4, 40),
(301, 40, 3000.00, 120000.00, 5, 40),
(302, 30, 4000.00, 120000.00, 6, 40),
(303, 5, 2600.00, 13000.00, 15, 40),
(304, 2, 2000.00, 4000.00, 30, 40),
(305, 80, 3000.00, 240000.00, 2, 41),
(306, 70, 3000.00, 210000.00, 3, 41),
(307, 50, 3000.00, 150000.00, 4, 41),
(308, 40, 3000.00, 120000.00, 5, 41),
(309, 30, 4000.00, 120000.00, 6, 41),
(310, 15, 5000.00, 75000.00, 7, 41),
(311, 10, 1000.00, 10000.00, 36, 41),
(312, 100, 3000.00, 300000.00, 2, 42),
(313, 70, 3000.00, 210000.00, 3, 42),
(314, 50, 3000.00, 150000.00, 5, 42),
(315, 10, 3200.00, 32000.00, 8, 42),
(316, 13, 5000.00, 65000.00, 11, 42),
(317, 10, 300.00, 3000.00, 27, 42),
(318, 17, 2000.00, 34000.00, 25, 42),
(333, 93, 3000.00, 279000.00, 2, 45),
(334, 87, 3000.00, 261000.00, 3, 45),
(335, 65, 3000.00, 195000.00, 4, 45),
(336, 53, 3000.00, 159000.00, 5, 45),
(337, 10, 2000.00, 20000.00, 25, 45),
(338, 3, 2600.00, 7800.00, 14, 45),
(339, 13, 3000.00, 39000.00, 32, 45),
(340, 85, 3000.00, 255000.00, 2, 46),
(341, 79, 3000.00, 237000.00, 3, 46),
(342, 65, 3000.00, 195000.00, 4, 46),
(343, 57, 3000.00, 171000.00, 5, 46),
(344, 43, 4000.00, 172000.00, 6, 46),
(345, 100, 3000.00, 300000.00, 2, 47),
(346, 80, 3000.00, 240000.00, 3, 47),
(347, 60, 3000.00, 180000.00, 4, 47),
(348, 40, 3000.00, 120000.00, 5, 47),
(349, 20, 4000.00, 80000.00, 6, 47),
(350, 10, 5000.00, 50000.00, 7, 47),
(351, 5, 2600.00, 13000.00, 14, 47),
(352, 3, 1000.00, 3000.00, 34, 47),
(353, 90, 3000.00, 270000.00, 2, 48),
(354, 83, 3000.00, 249000.00, 3, 48),
(355, 75, 3000.00, 225000.00, 4, 48),
(356, 45, 3000.00, 135000.00, 5, 48),
(357, 31, 5000.00, 155000.00, 7, 48),
(358, 15, 2600.00, 39000.00, 13, 48),
(359, 13, 3000.00, 39000.00, 21, 48),
(360, 5, 1200.00, 6000.00, 35, 48),
(361, 90, 3000.00, 270000.00, 2, 49),
(362, 86, 3000.00, 258000.00, 3, 49),
(363, 71, 3000.00, 213000.00, 4, 49),
(364, 63, 3000.00, 189000.00, 5, 49),
(365, 54, 4000.00, 216000.00, 6, 49),
(366, 12, 1500.00, 18000.00, 18, 49),
(367, 13, 1200.00, 15600.00, 35, 49),
(368, 15, 300.00, 4500.00, 27, 49),
(369, 105, 3000.00, 315000.00, 2, 50),
(370, 83, 3000.00, 249000.00, 3, 50),
(371, 56, 4000.00, 224000.00, 6, 50),
(372, 16, 3000.00, 48000.00, 12, 50),
(373, 15, 3200.00, 48000.00, 23, 50),
(374, 7, 1000.00, 7000.00, 36, 50),
(375, 103, 3000.00, 309000.00, 3, 51),
(376, 110, 3000.00, 330000.00, 3, 51),
(377, 93, 3000.00, 279000.00, 3, 51),
(378, 53, 3000.00, 159000.00, 4, 51),
(379, 43, 3000.00, 129000.00, 5, 51),
(380, 10, 3000.00, 30000.00, 12, 51),
(381, 15, 3200.00, 48000.00, 8, 51),
(382, 7, 1500.00, 10500.00, 19, 51),
(383, 120, 3000.00, 360000.00, 2, 52),
(384, 72, 3000.00, 216000.00, 3, 52),
(385, 63, 3000.00, 189000.00, 4, 52),
(386, 52, 3000.00, 156000.00, 5, 52),
(387, 5, 6000.00, 30000.00, 9, 52),
(388, 10, 1600.00, 16000.00, 33, 52),
(389, 5, 2600.00, 13000.00, 14, 52),
(390, 100, 3000.00, 300000.00, 2, 53),
(391, 90, 3000.00, 270000.00, 3, 53),
(392, 80, 3000.00, 240000.00, 4, 53),
(393, 70, 3000.00, 210000.00, 5, 53),
(394, 60, 5000.00, 300000.00, 7, 53),
(395, 3, 2600.00, 7800.00, 15, 53),
(396, 9, 3200.00, 28800.00, 8, 53),
(397, 13, 1800.00, 23400.00, 20, 53);

-- --------------------------------------------------------

--
-- Estructura de tabla para la tabla `auth_group`
--

-- --------------------------------------------------------

--
-- Estructura de tabla para la tabla `auth_group_permissions`
--



-- --------------------------------------------------------

--
-- Estructura de tabla para la tabla `auth_permission`
--



--
-- Volcado de datos para la tabla `auth_permission`
--

INSERT INTO `auth_permission` (`id`, `name`, `content_type_id`, `codename`) VALUES
(1, 'Can add log entry', 1, 'add_logentry'),
(2, 'Can change log entry', 1, 'change_logentry'),
(3, 'Can delete log entry', 1, 'delete_logentry'),
(4, 'Can view log entry', 1, 'view_logentry'),
(5, 'Can add permission', 2, 'add_permission'),
(6, 'Can change permission', 2, 'change_permission'),
(7, 'Can delete permission', 2, 'delete_permission'),
(8, 'Can view permission', 2, 'view_permission'),
(9, 'Can add group', 3, 'add_group'),
(10, 'Can change group', 3, 'change_group'),
(11, 'Can delete group', 3, 'delete_group'),
(12, 'Can view group', 3, 'view_group'),
(13, 'Can add user', 4, 'add_user'),
(14, 'Can change user', 4, 'change_user'),
(15, 'Can delete user', 4, 'delete_user'),
(16, 'Can view user', 4, 'view_user'),
(17, 'Can add content type', 5, 'add_contenttype'),
(18, 'Can change content type', 5, 'change_contenttype'),
(19, 'Can delete content type', 5, 'delete_contenttype'),
(20, 'Can view content type', 5, 'view_contenttype'),
(21, 'Can add session', 6, 'add_session'),
(22, 'Can change session', 6, 'change_session'),
(23, 'Can delete session', 6, 'delete_session'),
(24, 'Can view session', 6, 'view_session'),
(25, 'Can add pin', 7, 'add_pin'),
(26, 'Can change pin', 7, 'change_pin'),
(27, 'Can delete pin', 7, 'delete_pin'),
(28, 'Can view pin', 7, 'view_pin'),
(29, 'Can add profile', 8, 'add_profile'),
(30, 'Can change profile', 8, 'change_profile'),
(31, 'Can delete profile', 8, 'delete_profile'),
(32, 'Can view profile', 8, 'view_profile'),
(33, 'Can add pedido', 9, 'add_pedido'),
(34, 'Can change pedido', 9, 'change_pedido'),
(35, 'Can delete pedido', 9, 'delete_pedido'),
(36, 'Can view pedido', 9, 'view_pedido'),
(37, 'Can add Proveedor', 10, 'add_proveedor'),
(38, 'Can change Proveedor', 10, 'change_proveedor'),
(39, 'Can delete Proveedor', 10, 'delete_proveedor'),
(40, 'Can view Proveedor', 10, 'view_proveedor'),
(41, 'Can add pedido detalle', 11, 'add_pedidodetalle'),
(42, 'Can change pedido detalle', 11, 'change_pedidodetalle'),
(43, 'Can delete pedido detalle', 11, 'delete_pedidodetalle'),
(44, 'Can view pedido detalle', 11, 'view_pedidodetalle'),
(45, 'Can add venta', 12, 'add_venta'),
(46, 'Can change venta', 12, 'change_venta'),
(47, 'Can delete venta', 12, 'delete_venta'),
(48, 'Can view venta', 12, 'view_venta'),
(49, 'Can add Estadística de Venta', 13, 'add_estadisticaventa'),
(50, 'Can change Estadística de Venta', 13, 'change_estadisticaventa'),
(51, 'Can delete Estadística de Venta', 13, 'delete_estadisticaventa'),
(52, 'Can view Estadística de Venta', 13, 'view_estadisticaventa'),
(53, 'Can add producto', 14, 'add_producto'),
(54, 'Can change producto', 14, 'change_producto'),
(55, 'Can delete producto', 14, 'delete_producto'),
(56, 'Can view producto', 14, 'view_producto'),
(57, 'Can add egreso', 15, 'add_egreso'),
(58, 'Can change egreso', 15, 'change_egreso'),
(59, 'Can delete egreso', 15, 'delete_egreso'),
(60, 'Can view egreso', 15, 'view_egreso'),
(61, 'Can add ingreso', 16, 'add_ingreso'),
(62, 'Can change ingreso', 16, 'change_ingreso'),
(63, 'Can delete ingreso', 16, 'delete_ingreso'),
(64, 'Can view ingreso', 16, 'view_ingreso'),
(65, 'Can add venta', 17, 'add_venta'),
(66, 'Can change venta', 17, 'change_venta'),
(67, 'Can delete venta', 17, 'delete_venta'),
(68, 'Can view venta', 17, 'view_venta'),
(69, 'Can add venta detalle', 18, 'add_ventadetalle'),
(70, 'Can change venta detalle', 18, 'change_ventadetalle'),
(71, 'Can delete venta detalle', 18, 'delete_ventadetalle'),
(72, 'Can view venta detalle', 18, 'view_ventadetalle'),
(73, 'Can add cliente', 19, 'add_cliente'),
(74, 'Can change cliente', 19, 'change_cliente'),
(75, 'Can delete cliente', 19, 'delete_cliente'),
(76, 'Can view cliente', 19, 'view_cliente'),
(77, 'Can add evento', 20, 'add_evento'),
(78, 'Can change evento', 20, 'change_evento'),
(79, 'Can delete evento', 20, 'delete_evento'),
(80, 'Can view evento', 20, 'view_evento'),
(81, 'Can add SES Stat', 21, 'add_sesstat'),
(82, 'Can change SES Stat', 21, 'change_sesstat'),
(83, 'Can delete SES Stat', 21, 'delete_sesstat'),
(84, 'Can view SES Stat', 21, 'view_sesstat'),
(85, 'Can add blacklisted email', 22, 'add_blacklistedemail'),
(86, 'Can change blacklisted email', 22, 'change_blacklistedemail'),
(87, 'Can delete blacklisted email', 22, 'delete_blacklistedemail'),
(88, 'Can view blacklisted email', 22, 'view_blacklistedemail');

-- --------------------------------------------------------

--
-- Estructura de tabla para la tabla `auth_user`
--



--
-- Volcado de datos para la tabla `auth_user`
--

INSERT INTO `auth_user` (`id`, `password`, `last_login`, `is_superuser`, `username`, `first_name`, `last_name`, `email`, `is_staff`, `is_active`, `date_joined`) VALUES
(1, 'pbkdf2_sha256$1000000$zfSXmCEmfQGzRD4k1ElSKW$izjW6UUZp8uhkvK6acJSREWYphWftCiUVYx54CERpMw=', '2025-05-07 00:10:44.259026', 1, 'Admin', '', '', 'santiagoproyectosuser5@gmail.com', 1, 1, '2025-05-03 20:56:56.948014');

-- --------------------------------------------------------

--
-- Estructura de tabla para la tabla `auth_user_groups`
--



-- --------------------------------------------------------

--
-- Estructura de tabla para la tabla `auth_user_user_permissions`
--



-- --------------------------------------------------------

--
-- Estructura de tabla para la tabla `django_admin_log`
--


-- --------------------------------------------------------

--
-- Estructura de tabla para la tabla `django_content_type`
--


--
-- Volcado de datos para la tabla `django_content_type`
--

INSERT INTO `django_content_type` (`id`, `app_label`, `model`) VALUES
(1, 'admin', 'logentry'),
(19, 'app_eventos', 'cliente'),
(20, 'app_eventos', 'evento'),
(15, 'app_finanzas', 'egreso'),
(16, 'app_finanzas', 'ingreso'),
(14, 'app_inventario', 'producto'),
(9, 'app_pedidos', 'pedido'),
(11, 'app_pedidos', 'pedidodetalle'),
(10, 'app_pedidos', 'proveedor'),
(13, 'app_reportes', 'estadisticaventa'),
(12, 'app_reportes', 'venta'),
(7, 'app_usuarios', 'pin'),
(8, 'app_usuarios', 'profile'),
(17, 'app_ventas', 'venta'),
(18, 'app_ventas', 'ventadetalle'),
(3, 'auth', 'group'),
(2, 'auth', 'permission'),
(4, 'auth', 'user'),
(5, 'contenttypes', 'contenttype'),
(22, 'django_ses', 'blacklistedemail'),
(21, 'django_ses', 'sesstat'),
(6, 'sessions', 'session');

INSERT INTO `django_migrations` (`id`, `app`, `name`, `applied`) VALUES
(1, 'contenttypes', '0001_initial', '2025-05-03 20:53:54.380216'),
(2, 'auth', '0001_initial', '2025-05-03 20:53:54.686334'),
(3, 'admin', '0001_initial', '2025-05-03 20:53:54.758310'),
(4, 'admin', '0002_logentry_remove_auto_add', '2025-05-03 20:53:54.765863'),
(5, 'admin', '0003_logentry_add_action_flag_choices', '2025-05-03 20:53:54.777054'),
(6, 'app_eventos', '0001_initial', '2025-05-03 20:53:54.883116'),
(7, 'app_usuarios', '0001_initial', '2025-05-03 20:53:54.979407'),
(8, 'app_inventario', '0001_initial', '2025-05-03 20:53:54.989179'),
(9, 'app_ventas', '0001_initial', '2025-05-03 20:53:55.129929'),
(10, 'app_pedidos', '0001_initial', '2025-05-03 20:53:55.253457'),
(11, 'app_finanzas', '0001_initial', '2025-05-03 20:53:55.362069'),
(12, 'app_finanzas', '0002_alter_ingreso_unique_together_ingreso_tipo_and_more', '2025-05-03 20:53:55.683561'),
(13, 'app_finanzas', '0003_alter_ingreso_options_ingreso_subtotal', '2025-05-03 20:53:55.724120'),
(14, 'app_finanzas', '0004_remove_ingreso_subtotal', '2025-05-03 20:53:55.747716'),
(15, 'app_finanzas', '0005_auto_20250331_2038', '2025-05-03 20:53:55.749485'),
(16, 'app_pedidos', '0002_alter_proveedor_options_proveedor_fecha_registro_and_more', '2025-05-03 20:53:55.862146'),
(17, 'app_pedidos', '0003_alter_pedidodetalle_costo_unitario_and_more', '2025-05-03 20:53:55.879921'),
(18, 'app_pedidos', '0004_pedido_observaciones', '2025-05-03 20:53:55.896602'),
(19, 'app_predicciones', '0001_initial', '2025-05-03 20:53:56.115452'),
(20, 'app_predicciones', '0002_alter_prediccionnegocio_fecha_accion_recomendada', '2025-05-03 20:53:56.123525'),
(21, 'app_predicciones', '0003_prediccionestacional', '2025-05-03 20:53:56.200822'),
(22, 'app_predicciones', '0004_alter_prediccionestacional_unique_together_and_more', '2025-05-03 20:53:56.568266'),
(23, 'app_predicciones', '0005_remove_prediccionnegocio_producto_and_more', '2025-05-03 20:53:56.692514'),
(24, 'app_reportes', '0001_initial', '2025-05-03 20:53:56.743074'),
(25, 'app_reportes', '0002_estadisticaventa', '2025-05-03 20:53:56.815877'),
(26, 'app_usuarios', '0002_profile_unique_user_profile', '2025-05-03 20:53:56.843610'),
(27, 'app_usuarios', '0003_delete_usuario_alter_profile_user', '2025-05-03 20:53:56.885189'),
(28, 'app_ventas', '0002_alter_venta_creado_por', '2025-05-03 20:53:57.011385'),
(29, 'contenttypes', '0002_remove_content_type_name', '2025-05-03 20:53:57.077668'),
(30, 'auth', '0002_alter_permission_name_max_length', '2025-05-03 20:53:57.123277'),
(31, 'auth', '0003_alter_user_email_max_length', '2025-05-03 20:53:57.149037'),
(32, 'auth', '0004_alter_user_username_opts', '2025-05-03 20:53:57.162855'),
(33, 'auth', '0005_alter_user_last_login_null', '2025-05-03 20:53:57.202469'),
(34, 'auth', '0006_require_contenttypes_0002', '2025-05-03 20:53:57.205246'),
(35, 'auth', '0007_alter_validators_add_error_messages', '2025-05-03 20:53:57.216597'),
(36, 'auth', '0008_alter_user_username_max_length', '2025-05-03 20:53:57.245790'),
(37, 'auth', '0009_alter_user_last_name_max_length', '2025-05-03 20:53:57.276655'),
(38, 'auth', '0010_alter_group_name_max_length', '2025-05-03 20:53:57.316621'),
(39, 'auth', '0011_update_proxy_permissions', '2025-05-03 20:53:57.341599'),
(40, 'auth', '0012_alter_user_first_name_max_length', '2025-05-03 20:53:57.370709'),
(41, 'django_ses', '0001_initial', '2025-05-03 20:53:57.385357'),
(42, 'django_ses', '0002_blacklistedemail', '2025-05-03 20:53:57.400752'),
(43, 'sessions', '0001_initial', '2025-05-03 20:53:57.432798'),
(44, 'app_ventas', '0003_alter_ventadetalle_producto', '2025-05-04 17:13:07.575084'),
(45, 'app_finanzas', '0006_alter_egreso_fecha', '2025-05-04 17:40:12.957318'),
(46, 'app_pedidos', '0005_alter_pedido_fecha_pedido', '2025-05-04 17:40:12.973807'),
(47, 'app_ventas', '0004_alter_ventadetalle_producto', '2025-05-04 17:40:12.994426'),
(48, 'app_finanzas', '0007_alter_ingreso_fecha', '2025-05-06 14:19:22.988102'),
(49, 'app_ventas', '0005_venta_fecha', '2025-05-06 14:19:23.043110'),
(50, 'app_finanzas', '0008_alter_egreso_fecha_alter_ingreso_fecha', '2025-05-06 17:27:51.366126'),
(51, 'app_pedidos', '0006_alter_pedido_fecha_pedido', '2025-05-06 17:27:51.371211'),
(52, 'app_ventas', '0006_remove_venta_fecha_alter_venta_fecha_creacion', '2025-05-06 17:27:51.416614');

INSERT INTO `django_session` (`session_key`, `session_data`, `expire_date`) VALUES
('o9uiz0003ay9nr00k7ikzphnilkixqav', '.eJxVjUEOwiAURO_CuiHQFghduvcExpDP52OrBkyhbox3tzVd6G4y82bmxRwsdXRLodlNgQ1MsubX84A3SlsQrpAumWNOdZ483xC-p4Ufc6D7YWf_BkYo49rG3mggQULGqKWwkpSK2hoBFqLtqVMYrUfjvSbRQewMtFG2bVRBoze4jj7mHBasubgnpQpsOJ0b9pWu5gr39UWw9welQkYU:1uCRCZ:C0ETuL3pzNooQZjyUEKETMt6KNsTvAckEFQtUYlSwnU', '2025-05-20 22:55:51.702980'),
('x1q0cy24r3mwoer5axobj04a5fzaf5at', '.eJxVjUsOwiAYhO_CuiHQ8uzSvScwhsAP2KoBU6gb492lpgvdTWa-mXkhY9c6mbWExcwejYii7tdzFm4hbYG_2nTJGHKqy-zwhuA9LfiYfbgfdvZvYLJlam3BBxpjr5gfQAcuOAOQktG-WQqkGjR13OtABQhNHGEk8hgZSA1OMULa6GPJfoWai3mGVC0aT-cOfaWpudp7eyHo_QE1pUR6:1uCUbi:tbhC8aEnZFL3rTLSeLYT1UzLTXPyRIoDi7ucC9AGu-s', '2025-05-21 02:34:02.532258');

